student_key,month,att_next_month_pct
2568-1001,2025-06,68.8
2568-1001,2025-07,0.0
2568-1002,2025-03,75.0
2568-1002,2025-04,68.8
2568-1002,2025-05,65.0
2568-1002,2025-06,62.5
2568-1002,2025-07,0.0
2568-1003,2025-03,43.8
2568-1003,2025-04,56.2
2568-1003,2025-05,50.0
2568-1003,2025-06,81.2
2568-1003,2025-07,37.5
2568-1003,2025-08,50.0
2568-1003,2025-09,0.0
2568-1004,2025-03,75.0
2568-1004,2025-04,75.0
2568-1004,2025-05,70.0
2568-1004,2025-06,81.2
2568-1004,2025-07,56.2
2568-1004,2025-08,50.0
2568-1004,2025-09,0.0
2568-1005,2025-03,81.2
2568-1005,2025-04,68.8
2568-1005,2025-05,65.0
2568-1005,2025-06,56.2
2568-1005,2025-07,56.2
2568-1005,2025-08,50.0
2568-1005,2025-09,0.0
2568-1006,2025-03,66.7
2568-1006,2025-04,58.3
2568-1006,2025-05,73.3
2568-1006,2025-06,0.0
2568-1007,2025-04,62.5
2568-1007,2025-05,75.0
2568-1007,2025-06,68.8
2568-1007,2025-07,0.0
2568-1008,2025-04,56.2
2568-1008,2025-05,65.0
2568-1008,2025-06,56.2
2568-1008,2025-07,62.5
2568-1008,2025-08,75.0
2568-1008,2025-09,0.0
2568-1009,2025-06,100.0
2568-1009,2025-07,100.0
2568-1009,2025-08,100.0
2568-1009,2025-09,0.0
2568-1010,2025-04,93.8
2568-1010,2025-05,70.0
2568-1010,2025-06,81.2
2568-1010,2025-07,75.0
2568-1010,2025-08,75.0
2568-1010,2025-09,0.0
2568-1011,2025-06,100.0
2568-1011,2025-07,93.8
2568-1011,2025-08,100.0
2568-1011,2025-09,0.0
2568-1012,2025-03,100.0
2568-1012,2025-04,87.5
2568-1012,2025-05,100.0
2568-1012,2025-06,87.5
2568-1012,2025-07,87.5
2568-1012,2025-08,100.0
2568-1012,2025-09,0.0
2568-1013,2025-04,68.8
2568-1013,2025-05,75.0
2568-1013,2025-06,75.0
2568-1013,2025-07,81.2
2568-1013,2025-08,25.0
2568-1013,2025-09,0.0
2568-1014,2025-03,81.2
2568-1014,2025-04,68.8
2568-1014,2025-05,55.0
2568-1014,2025-06,62.5
2568-1014,2025-07,68.8
2568-1014,2025-08,75.0
2568-1014,2025-09,0.0
2568-1015,2025-03,0.0
2568-1016,2025-03,87.5
2568-1016,2025-04,87.5
2568-1016,2025-05,90.0
2568-1016,2025-06,87.5
2568-1016,2025-07,0.0
2568-1017,2025-03,62.5
2568-1017,2025-04,75.0
2568-1017,2025-05,60.0
2568-1017,2025-06,75.0
2568-1017,2025-07,75.0
2568-1017,2025-08,100.0
2568-1017,2025-09,0.0
2568-1018,2025-04,50.0
2568-1018,2025-05,73.3
2568-1018,2025-06,83.3
2568-1018,2025-07,50.0
2568-1018,2025-08,100.0
2568-1018,2025-09,0.0
2568-1019,2025-05,75.0
2568-1019,2025-06,87.5
2568-1019,2025-07,0.0
2568-1020,2025-04,68.8
2568-1020,2025-05,60.0
2568-1020,2025-06,50.0
2568-1020,2025-07,75.0
2568-1020,2025-08,50.0
2568-1020,2025-09,0.0
2568-1021,2025-03,100.0
2568-1021,2025-04,81.2
2568-1021,2025-05,95.0
2568-1021,2025-06,75.0
2568-1021,2025-07,93.8
2568-1021,2025-08,50.0
2568-1021,2025-09,0.0
2568-1022,2025-03,50.0
2568-1022,2025-04,75.0
2568-1022,2025-05,73.3
2568-1022,2025-06,58.3
2568-1022,2025-07,58.3
2568-1022,2025-08,100.0
2568-1022,2025-09,0.0
2568-1023,2025-04,25.0
2568-1023,2025-05,70.0
2568-1023,2025-06,0.0
2568-1024,2025-04,87.5
2568-1024,2025-05,60.0
2568-1024,2025-06,75.0
2568-1024,2025-07,0.0
2568-1025,2025-03,87.5
2568-1025,2025-04,75.0
2568-1025,2025-05,80.0
2568-1025,2025-06,75.0
2568-1025,2025-07,50.0
2568-1025,2025-08,0.0
2568-1026,2025-03,68.8
2568-1026,2025-04,68.8
2568-1026,2025-05,65.0
2568-1026,2025-06,68.8
2568-1026,2025-07,62.5
2568-1026,2025-08,100.0
2568-1026,2025-09,0.0
2568-1027,2025-03,87.5
2568-1027,2025-04,75.0
2568-1027,2025-05,85.0
2568-1027,2025-06,81.2
2568-1027,2025-07,81.2
2568-1027,2025-08,50.0
2568-1027,2025-09,0.0
2568-1028,2025-03,100.0
2568-1028,2025-04,68.8
2568-1028,2025-05,90.0
2568-1028,2025-06,87.5
2568-1028,2025-07,0.0
2568-1029,2025-03,93.8
2568-1029,2025-04,87.5
2568-1029,2025-05,100.0
2568-1029,2025-06,0.0
2568-1030,2025-03,100.0
2568-1030,2025-04,93.8
2568-1030,2025-05,90.0
2568-1030,2025-06,93.8
2568-1030,2025-07,81.2
2568-1030,2025-08,100.0
2568-1030,2025-09,0.0
2568-1031,2025-03,62.5
2568-1031,2025-04,75.0
2568-1031,2025-05,45.0
2568-1031,2025-06,43.8
2568-1031,2025-07,62.5
2568-1031,2025-08,100.0
2568-1031,2025-09,0.0
2568-1032,2025-03,100.0
2568-1032,2025-04,87.5
2568-1032,2025-05,100.0
2568-1032,2025-06,100.0
2568-1032,2025-07,93.8
2568-1032,2025-08,100.0
2568-1032,2025-09,0.0
2568-1033,2025-03,75.0
2568-1033,2025-04,62.5
2568-1033,2025-05,60.0
2568-1033,2025-06,75.0
2568-1033,2025-07,50.0
2568-1033,2025-08,0.0
2568-1034,2025-04,91.7
2568-1034,2025-05,93.3
2568-1034,2025-06,66.7
2568-1034,2025-07,91.7
2568-1034,2025-08,100.0
2568-1034,2025-09,0.0
2568-1035,2025-04,100.0
2568-1035,2025-05,80.0
2568-1035,2025-06,87.5
2568-1035,2025-07,50.0
2568-1035,2025-08,0.0
2568-1036,2025-03,62.5
2568-1036,2025-04,75.0
2568-1036,2025-05,65.0
2568-1036,2025-06,87.5
2568-1036,2025-07,93.8
2568-1036,2025-08,75.0
2568-1036,2025-09,0.0
2568-1037,2025-03,100.0
2568-1037,2025-04,100.0
2568-1037,2025-05,80.0
2568-1037,2025-06,100.0
2568-1037,2025-07,91.7
2568-1037,2025-08,100.0
2568-1037,2025-09,0.0
2568-1038,2025-03,58.3
2568-1038,2025-04,41.7
2568-1038,2025-05,73.3
2568-1038,2025-06,0.0
2568-1039,2025-05,86.7
2568-1039,2025-06,83.3
2568-1039,2025-07,41.7
2568-1039,2025-08,100.0
2568-1039,2025-09,0.0
2568-1040,2025-03,75.0
2568-1040,2025-04,75.0
2568-1040,2025-05,73.3
2568-1040,2025-06,66.7
2568-1040,2025-07,50.0
2568-1040,2025-08,66.7
2568-1040,2025-09,0.0
2568-1041,2025-03,75.0
2568-1041,2025-04,43.8
2568-1041,2025-05,60.0
2568-1041,2025-06,37.5
2568-1041,2025-07,68.8
2568-1041,2025-08,75.0
2568-1041,2025-09,0.0
2568-1042,2025-04,87.5
2568-1042,2025-05,85.0
2568-1042,2025-06,62.5
2568-1042,2025-07,81.2
2568-1042,2025-08,100.0
2568-1042,2025-09,0.0
2568-1043,2025-03,50.0
2568-1043,2025-04,68.8
2568-1043,2025-05,70.0
2568-1043,2025-06,68.8
2568-1043,2025-07,62.5
2568-1043,2025-08,50.0
2568-1043,2025-09,0.0
2568-1044,2025-03,62.5
2568-1044,2025-04,62.5
2568-1044,2025-05,0.0
2568-1045,2025-03,100.0
2568-1045,2025-04,100.0
2568-1045,2025-05,95.0
2568-1045,2025-06,100.0
2568-1045,2025-07,81.2
2568-1045,2025-08,100.0
2568-1045,2025-09,0.0
2568-1046,2025-03,93.8
2568-1046,2025-04,100.0
2568-1046,2025-05,0.0
2568-1047,2025-03,81.2
2568-1047,2025-04,81.2
2568-1047,2025-05,90.0
2568-1047,2025-06,62.5
2568-1047,2025-07,50.0
2568-1047,2025-08,50.0
2568-1047,2025-09,0.0
2568-1048,2025-03,100.0
2568-1048,2025-04,91.7
2568-1048,2025-05,100.0
2568-1048,2025-06,100.0
2568-1048,2025-07,0.0
2568-1049,2025-03,58.3
2568-1049,2025-04,75.0
2568-1049,2025-05,73.3
2568-1049,2025-06,66.7
2568-1049,2025-07,58.3
2568-1049,2025-08,66.7
2568-1049,2025-09,0.0
2568-1050,2025-03,75.0
2568-1050,2025-04,81.2
2568-1050,2025-05,80.0
2568-1050,2025-06,87.5
2568-1050,2025-07,87.5
2568-1050,2025-08,75.0
2568-1050,2025-09,0.0
2568-1051,2025-03,25.0
2568-1051,2025-04,62.5
2568-1051,2025-05,50.0
2568-1051,2025-06,25.0
2568-1051,2025-07,37.5
2568-1051,2025-08,50.0
2568-1051,2025-09,0.0
2568-1052,2025-03,93.8
2568-1052,2025-04,93.8
2568-1052,2025-05,90.0
2568-1052,2025-06,87.5
2568-1052,2025-07,93.8
2568-1052,2025-08,75.0
2568-1052,2025-09,0.0
2568-1053,2025-03,87.5
2568-1053,2025-04,50.0
2568-1053,2025-05,80.0
2568-1053,2025-06,0.0
2568-1054,2025-04,100.0
2568-1054,2025-05,100.0
2568-1054,2025-06,100.0
2568-1054,2025-07,100.0
2568-1054,2025-08,66.7
2568-1054,2025-09,0.0
2568-1055,2025-03,62.5
2568-1055,2025-04,68.8
2568-1055,2025-05,75.0
2568-1055,2025-06,0.0
2568-1056,2025-03,56.2
2568-1056,2025-04,56.2
2568-1056,2025-05,75.0
2568-1056,2025-06,56.2
2568-1056,2025-07,62.5
2568-1056,2025-08,100.0
2568-1056,2025-09,0.0
2568-1057,2025-03,100.0
2568-1057,2025-04,100.0
2568-1057,2025-05,100.0
2568-1057,2025-06,100.0
2568-1057,2025-07,93.8
2568-1057,2025-08,100.0
2568-1057,2025-09,0.0
2568-1058,2025-03,100.0
2568-1058,2025-04,100.0
2568-1058,2025-05,100.0
2568-1058,2025-06,87.5
2568-1058,2025-07,87.5
2568-1058,2025-08,100.0
2568-1058,2025-09,0.0
2568-1059,2025-04,91.7
2568-1059,2025-05,100.0
2568-1059,2025-06,91.7
2568-1059,2025-07,100.0
2568-1059,2025-08,100.0
2568-1059,2025-09,0.0
2568-1060,2025-05,30.0
2568-1060,2025-06,62.5
2568-1060,2025-07,75.0
2568-1060,2025-08,0.0
2568-1061,2025-03,75.0
2568-1061,2025-04,62.5
2568-1061,2025-05,80.0
2568-1061,2025-06,62.5
2568-1061,2025-07,81.2
2568-1061,2025-08,75.0
2568-1061,2025-09,0.0
2568-1062,2025-05,60.0
2568-1062,2025-06,83.3
2568-1062,2025-07,83.3
2568-1062,2025-08,33.3
2568-1062,2025-09,0.0
2568-1063,2025-05,60.0
2568-1063,2025-06,68.8
2568-1063,2025-07,75.0
2568-1063,2025-08,75.0
2568-1063,2025-09,0.0
2568-1064,2025-03,0.0
2568-1065,2025-05,80.0
2568-1065,2025-06,87.5
2568-1065,2025-07,0.0
2568-1066,2025-03,62.5
2568-1066,2025-04,50.0
2568-1066,2025-05,50.0
2568-1066,2025-06,0.0
2568-1067,2025-05,40.0
2568-1067,2025-06,25.0
2568-1067,2025-07,50.0
2568-1067,2025-08,25.0
2568-1067,2025-09,0.0
2568-1068,2025-03,100.0
2568-1068,2025-04,100.0
2568-1068,2025-05,80.0
2568-1068,2025-06,83.3
2568-1068,2025-07,91.7
2568-1068,2025-08,0.0
2568-1069,2025-03,87.5
2568-1069,2025-04,68.8
2568-1069,2025-05,100.0
2568-1069,2025-06,75.0
2568-1069,2025-07,93.8
2568-1069,2025-08,100.0
2568-1069,2025-09,0.0
2568-1070,2025-03,66.7
2568-1070,2025-04,83.3
2568-1070,2025-05,66.7
2568-1070,2025-06,83.3
2568-1070,2025-07,100.0
2568-1070,2025-08,100.0
2568-1070,2025-09,0.0
2568-1071,2025-03,83.3
2568-1071,2025-04,83.3
2568-1071,2025-05,93.3
2568-1071,2025-06,83.3
2568-1071,2025-07,83.3
2568-1071,2025-08,66.7
2568-1071,2025-09,0.0
2568-1072,2025-03,62.5
2568-1072,2025-04,37.5
2568-1072,2025-05,70.0
2568-1072,2025-06,62.5
2568-1072,2025-07,0.0
2568-1073,2025-04,68.8
2568-1073,2025-05,75.0
2568-1073,2025-06,75.0
2568-1073,2025-07,75.0
2568-1073,2025-08,0.0
2568-1074,2025-03,12.5
2568-1074,2025-04,18.8
2568-1074,2025-05,15.0
2568-1074,2025-06,37.5
2568-1074,2025-07,50.0
2568-1074,2025-08,75.0
2568-1074,2025-09,0.0
2568-1075,2025-03,0.0
2568-1076,2025-03,87.5
2568-1076,2025-04,93.8
2568-1076,2025-05,80.0
2568-1076,2025-06,81.2
2568-1076,2025-07,68.8
2568-1076,2025-08,100.0
2568-1076,2025-09,0.0
2568-1077,2025-04,62.5
2568-1077,2025-05,70.0
2568-1077,2025-06,68.8
2568-1077,2025-07,68.8
2568-1077,2025-08,75.0
2568-1077,2025-09,0.0
2568-1078,2025-05,90.0
2568-1078,2025-06,87.5
2568-1078,2025-07,81.2
2568-1078,2025-08,0.0
2568-1079,2025-04,81.2
2568-1079,2025-05,95.0
2568-1079,2025-06,81.2
2568-1079,2025-07,87.5
2568-1079,2025-08,100.0
2568-1079,2025-09,0.0
2568-1080,2025-04,62.5
2568-1080,2025-05,75.0
2568-1080,2025-06,87.5
2568-1080,2025-07,68.8
2568-1080,2025-08,100.0
2568-1080,2025-09,0.0
2568-1081,2025-04,87.5
2568-1081,2025-05,85.0
2568-1081,2025-06,81.2
2568-1081,2025-07,100.0
2568-1081,2025-08,50.0
2568-1081,2025-09,0.0
2568-1082,2025-05,90.0
2568-1082,2025-06,81.2
2568-1082,2025-07,75.0
2568-1082,2025-08,0.0
2568-1083,2025-06,62.5
2568-1083,2025-07,0.0
2568-1084,2025-03,100.0
2568-1084,2025-04,75.0
2568-1084,2025-05,95.0
2568-1084,2025-06,87.5
2568-1084,2025-07,87.5
2568-1084,2025-08,100.0
2568-1084,2025-09,0.0
2568-1085,2025-05,80.0
2568-1085,2025-06,50.0
2568-1085,2025-07,68.8
2568-1085,2025-08,75.0
2568-1085,2025-09,0.0
2568-1086,2025-03,75.0
2568-1086,2025-04,62.5
2568-1086,2025-05,50.0
2568-1086,2025-06,87.5
2568-1086,2025-07,0.0
2568-1087,2025-03,68.8
2568-1087,2025-04,68.8
2568-1087,2025-05,0.0
2568-1088,2025-04,93.8
2568-1088,2025-05,55.0
2568-1088,2025-06,87.5
2568-1088,2025-07,75.0
2568-1088,2025-08,50.0
2568-1088,2025-09,0.0
2568-1089,2025-05,10.0
2568-1089,2025-06,0.0
2568-1090,2025-03,0.0
2568-1091,2025-04,100.0
2568-1091,2025-05,100.0
2568-1091,2025-06,100.0
2568-1091,2025-07,87.5
2568-1091,2025-08,0.0
2568-1092,2025-03,0.0
2568-1093,2025-03,100.0
2568-1093,2025-04,100.0
2568-1093,2025-05,86.7
2568-1093,2025-06,100.0
2568-1093,2025-07,100.0
2568-1093,2025-08,100.0
2568-1093,2025-09,0.0
2568-1094,2025-03,83.3
2568-1094,2025-04,83.3
2568-1094,2025-05,80.0
2568-1094,2025-06,83.3
2568-1094,2025-07,0.0
2568-1095,2025-03,62.5
2568-1095,2025-04,62.5
2568-1095,2025-05,60.0
2568-1095,2025-06,68.8
2568-1095,2025-07,68.8
2568-1095,2025-08,50.0
2568-1095,2025-09,0.0
2568-1096,2025-03,93.8
2568-1096,2025-04,100.0
2568-1096,2025-05,95.0
2568-1096,2025-06,100.0
2568-1096,2025-07,87.5
2568-1096,2025-08,75.0
2568-1096,2025-09,0.0
2568-1097,2025-03,100.0
2568-1097,2025-04,100.0
2568-1097,2025-05,100.0
2568-1097,2025-06,100.0
2568-1097,2025-07,100.0
2568-1097,2025-08,100.0
2568-1097,2025-09,0.0
2568-1098,2025-03,37.5
2568-1098,2025-04,12.5
2568-1098,2025-05,20.0
2568-1098,2025-06,0.0
2568-1099,2025-03,81.2
2568-1099,2025-04,100.0
2568-1099,2025-05,85.0
2568-1099,2025-06,100.0
2568-1099,2025-07,100.0
2568-1099,2025-08,100.0
2568-1099,2025-09,0.0
2568-1100,2025-04,0.0
2568-1101,2025-03,87.5
2568-1101,2025-04,100.0
2568-1101,2025-05,100.0
2568-1101,2025-06,100.0
2568-1101,2025-07,100.0
2568-1101,2025-08,50.0
2568-1101,2025-09,0.0
2568-1102,2025-03,100.0
2568-1102,2025-04,100.0
2568-1102,2025-05,100.0
2568-1102,2025-06,91.7
2568-1102,2025-07,100.0
2568-1102,2025-08,100.0
2568-1102,2025-09,0.0
2568-1103,2025-04,0.0
2568-1104,2025-03,50.0
2568-1104,2025-04,56.2
2568-1104,2025-05,70.0
2568-1104,2025-06,68.8
2568-1104,2025-07,43.8
2568-1104,2025-08,75.0
2568-1104,2025-09,0.0
2568-1105,2025-03,83.3
2568-1105,2025-04,66.7
2568-1105,2025-05,86.7
2568-1105,2025-06,58.3
2568-1105,2025-07,91.7
2568-1105,2025-08,100.0
2568-1105,2025-09,0.0
2568-1106,2025-03,75.0
2568-1106,2025-04,75.0
2568-1106,2025-05,75.0
2568-1106,2025-06,75.0
2568-1106,2025-07,0.0
2568-1107,2025-06,100.0
2568-1107,2025-07,0.0
2568-1108,2025-03,75.0
2568-1108,2025-04,58.3
2568-1108,2025-05,66.7
2568-1108,2025-06,83.3
2568-1108,2025-07,66.7
2568-1108,2025-08,66.7
2568-1108,2025-09,0.0
2568-1109,2025-03,66.7
2568-1109,2025-04,66.7
2568-1109,2025-05,40.0
2568-1109,2025-06,75.0
2568-1109,2025-07,25.0
2568-1109,2025-08,33.3
2568-1109,2025-09,0.0
2568-1110,2025-04,66.7
2568-1110,2025-05,100.0
2568-1110,2025-06,100.0
2568-1110,2025-07,91.7
2568-1110,2025-08,100.0
2568-1110,2025-09,0.0
2568-1111,2025-03,93.8
2568-1111,2025-04,62.5
2568-1111,2025-05,75.0
2568-1111,2025-06,87.5
2568-1111,2025-07,68.8
2568-1111,2025-08,0.0
2568-1111,2025-09,0.0
2568-1112,2025-03,75.0
2568-1112,2025-04,87.5
2568-1112,2025-05,75.0
2568-1112,2025-06,87.5
2568-1112,2025-07,75.0
2568-1112,2025-08,0.0
2568-1113,2025-06,68.8
2568-1113,2025-07,50.0
2568-1113,2025-08,25.0
2568-1113,2025-09,0.0
2568-1114,2025-04,81.2
2568-1114,2025-05,100.0
2568-1114,2025-06,87.5
2568-1114,2025-07,75.0
2568-1114,2025-08,0.0
2568-1115,2025-06,75.0
2568-1115,2025-07,0.0
2568-1116,2025-05,80.0
2568-1116,2025-06,75.0
2568-1116,2025-07,87.5
2568-1116,2025-08,100.0
2568-1116,2025-09,0.0
2568-1117,2025-03,87.5
2568-1117,2025-04,87.5
2568-1117,2025-05,70.0
2568-1117,2025-06,87.5
2568-1117,2025-07,81.2
2568-1117,2025-08,100.0
2568-1117,2025-09,0.0
2568-1118,2025-03,62.5
2568-1118,2025-04,50.0
2568-1118,2025-05,70.0
2568-1118,2025-06,68.8
2568-1118,2025-07,0.0
2568-1119,2025-04,50.0
2568-1119,2025-05,55.0
2568-1119,2025-06,75.0
2568-1119,2025-07,68.8
2568-1119,2025-08,75.0
2568-1119,2025-09,0.0
2568-1120,2025-06,0.0
2568-1121,2025-04,0.0
2568-1122,2025-03,62.5
2568-1122,2025-04,81.2
2568-1122,2025-05,75.0
2568-1122,2025-06,81.2
2568-1122,2025-07,68.8
2568-1122,2025-08,75.0
2568-1122,2025-09,0.0
2568-1123,2025-03,68.8
2568-1123,2025-04,68.8
2568-1123,2025-05,35.0
2568-1123,2025-06,25.0
2568-1123,2025-07,68.8
2568-1123,2025-08,75.0
2568-1123,2025-09,0.0
2568-1124,2025-03,81.2
2568-1124,2025-04,87.5
2568-1124,2025-05,80.0
2568-1124,2025-06,68.8
2568-1124,2025-07,68.8
2568-1124,2025-08,50.0
2568-1124,2025-09,0.0
2568-1125,2025-03,81.2
2568-1125,2025-04,81.2
2568-1125,2025-05,90.0
2568-1125,2025-06,62.5
2568-1125,2025-07,75.0
2568-1125,2025-08,75.0
2568-1125,2025-09,0.0
2568-1126,2025-04,68.8
2568-1126,2025-05,85.0
2568-1126,2025-06,0.0
2568-1127,2025-05,65.0
2568-1127,2025-06,81.2
2568-1127,2025-07,81.2
2568-1127,2025-08,100.0
2568-1127,2025-09,0.0
2568-1128,2025-04,87.5
2568-1128,2025-05,90.0
2568-1128,2025-06,87.5
2568-1128,2025-07,75.0
2568-1128,2025-08,100.0
2568-1128,2025-09,0.0
2568-1129,2025-04,100.0
2568-1129,2025-05,100.0
2568-1129,2025-06,100.0
2568-1129,2025-07,100.0
2568-1129,2025-08,100.0
2568-1129,2025-09,0.0
2568-1130,2025-03,58.3
2568-1130,2025-04,91.7
2568-1130,2025-05,80.0
2568-1130,2025-06,66.7
2568-1130,2025-07,66.7
2568-1130,2025-08,100.0
2568-1130,2025-09,0.0
2568-1131,2025-03,81.2
2568-1131,2025-04,75.0
2568-1131,2025-05,75.0
2568-1131,2025-06,75.0
2568-1131,2025-07,87.5
2568-1131,2025-08,75.0
2568-1131,2025-09,0.0
2568-1132,2025-03,100.0
2568-1132,2025-04,100.0
2568-1132,2025-05,100.0
2568-1132,2025-06,100.0
2568-1132,2025-07,93.8
2568-1132,2025-08,100.0
2568-1132,2025-09,0.0
2568-1133,2025-03,87.5
2568-1133,2025-04,87.5
2568-1133,2025-05,95.0
2568-1133,2025-06,93.8
2568-1133,2025-07,93.8
2568-1133,2025-08,100.0
2568-1133,2025-09,0.0
2568-1134,2025-04,75.0
2568-1134,2025-05,75.0
2568-1134,2025-06,0.0
2568-1135,2025-03,87.5
2568-1135,2025-04,0.0
2568-1136,2025-05,100.0
2568-1136,2025-06,100.0
2568-1136,2025-07,100.0
2568-1136,2025-08,100.0
2568-1136,2025-09,0.0
2568-1137,2025-03,87.5
2568-1137,2025-04,100.0
2568-1137,2025-05,90.0
2568-1137,2025-06,100.0
2568-1137,2025-07,93.8
2568-1137,2025-08,50.0
2568-1137,2025-09,0.0
2568-1138,2025-04,62.5
2568-1138,2025-05,90.0
2568-1138,2025-06,75.0
2568-1138,2025-07,62.5
2568-1138,2025-08,75.0
2568-1138,2025-09,0.0
2568-1139,2025-03,50.0
2568-1139,2025-04,81.2
2568-1139,2025-05,80.0
2568-1139,2025-06,56.2
2568-1139,2025-07,75.0
2568-1139,2025-08,0.0
2568-1140,2025-03,75.0
2568-1140,2025-04,75.0
2568-1140,2025-05,80.0
2568-1140,2025-06,91.7
2568-1140,2025-07,83.3
2568-1140,2025-08,0.0
2568-1141,2025-03,75.0
2568-1141,2025-04,91.7
2568-1141,2025-05,73.3
2568-1141,2025-06,75.0
2568-1141,2025-07,91.7
2568-1141,2025-08,66.7
2568-1141,2025-09,0.0
2568-1142,2025-03,68.8
2568-1142,2025-04,81.2
2568-1142,2025-05,60.0
2568-1142,2025-06,75.0
2568-1142,2025-07,56.2
2568-1142,2025-08,100.0
2568-1142,2025-09,0.0
2568-1143,2025-03,91.7
2568-1143,2025-04,91.7
2568-1143,2025-05,80.0
2568-1143,2025-06,100.0
2568-1143,2025-07,91.7
2568-1143,2025-08,100.0
2568-1143,2025-09,0.0
2568-1144,2025-03,50.0
2568-1144,2025-04,0.0
2568-1145,2025-03,81.2
2568-1145,2025-04,75.0
2568-1145,2025-05,85.0
2568-1145,2025-06,75.0
2568-1145,2025-07,81.2
2568-1145,2025-08,75.0
2568-1145,2025-09,0.0
2568-1146,2025-03,50.0
2568-1146,2025-04,58.3
2568-1146,2025-05,60.0
2568-1146,2025-06,75.0
2568-1146,2025-07,50.0
2568-1146,2025-08,33.3
2568-1146,2025-09,0.0
2568-1147,2025-03,50.0
2568-1147,2025-04,0.0
2568-1148,2025-03,91.7
2568-1148,2025-04,75.0
2568-1148,2025-05,80.0
2568-1148,2025-06,91.7
2568-1148,2025-07,91.7
2568-1148,2025-08,100.0
2568-1148,2025-09,0.0
2568-1149,2025-06,41.7
2568-1149,2025-07,0.0
2568-1150,2025-03,50.0
2568-1150,2025-04,66.7
2568-1150,2025-05,86.7
2568-1150,2025-06,66.7
2568-1150,2025-07,83.3
2568-1150,2025-08,66.7
2568-1150,2025-09,0.0
2568-1151,2025-03,91.7
2568-1151,2025-04,75.0
2568-1151,2025-05,73.3
2568-1151,2025-06,58.3
2568-1151,2025-07,83.3
2568-1151,2025-08,100.0
2568-1151,2025-09,0.0
2568-1152,2025-03,81.2
2568-1152,2025-04,93.8
2568-1152,2025-05,80.0
2568-1152,2025-06,75.0
2568-1152,2025-07,81.2
2568-1152,2025-08,75.0
2568-1152,2025-09,0.0
2568-1153,2025-04,93.8
2568-1153,2025-05,65.0
2568-1153,2025-06,87.5
2568-1153,2025-07,0.0
2568-1154,2025-04,75.0
2568-1154,2025-05,0.0
2568-1155,2025-03,16.7
2568-1155,2025-04,25.0
2568-1155,2025-05,0.0
2568-1156,2025-03,68.8
2568-1156,2025-04,62.5
2568-1156,2025-05,50.0
2568-1156,2025-06,68.8
2568-1156,2025-07,62.5
2568-1156,2025-08,100.0
2568-1156,2025-09,0.0
2568-1157,2025-03,87.5
2568-1157,2025-04,68.8
2568-1157,2025-05,85.0
2568-1157,2025-06,87.5
2568-1157,2025-07,93.8
2568-1157,2025-08,50.0
2568-1157,2025-09,0.0
2568-1158,2025-03,81.2
2568-1158,2025-04,93.8
2568-1158,2025-05,75.0
2568-1158,2025-06,68.8
2568-1158,2025-07,93.8
2568-1158,2025-08,100.0
2568-1158,2025-09,0.0
2568-1159,2025-04,100.0
2568-1159,2025-05,100.0
2568-1159,2025-06,100.0
2568-1159,2025-07,100.0
2568-1159,2025-08,100.0
2568-1159,2025-09,0.0
2568-1160,2025-04,81.2
2568-1160,2025-05,85.0
2568-1160,2025-06,75.0
2568-1160,2025-07,93.8
2568-1160,2025-08,100.0
2568-1160,2025-09,0.0
uuid-2569-2001,2026-03,87.5
uuid-2569-2001,2026-04,75.0
uuid-2569-2001,2026-05,80.0
uuid-2569-2001,2026-06,87.5
uuid-2569-2001,2026-07,
uuid-2569-2001,2026-08,
uuid-2569-2001,2026-09,
uuid-2569-2002,2026-03,12.5
uuid-2569-2002,2026-04,50.0
uuid-2569-2002,2026-05,25.0
uuid-2569-2002,2026-06,0.0
uuid-2569-2003,2026-03,75.0
uuid-2569-2003,2026-04,81.2
uuid-2569-2003,2026-05,70.0
uuid-2569-2003,2026-06,75.0
uuid-2569-2003,2026-07,
uuid-2569-2003,2026-08,
uuid-2569-2003,2026-09,
uuid-2569-2004,2026-03,75.0
uuid-2569-2004,2026-04,75.0
uuid-2569-2004,2026-05,65.0
uuid-2569-2004,2026-06,62.5
uuid-2569-2004,2026-07,
uuid-2569-2004,2026-08,
uuid-2569-2004,2026-09,
uuid-2569-2005,2026-04,93.8
uuid-2569-2005,2026-05,100.0
uuid-2569-2005,2026-06,93.8
uuid-2569-2005,2026-07,
uuid-2569-2005,2026-08,
uuid-2569-2005,2026-09,
uuid-2569-2006,2026-03,56.2
uuid-2569-2006,2026-04,75.0
uuid-2569-2006,2026-05,60.0
uuid-2569-2006,2026-06,50.0
uuid-2569-2006,2026-07,
uuid-2569-2006,2026-08,
uuid-2569-2006,2026-09,
uuid-2569-2007,2026-04,83.3
uuid-2569-2007,2026-05,80.0
uuid-2569-2007,2026-06,91.7
uuid-2569-2007,2026-07,
uuid-2569-2007,2026-08,
uuid-2569-2007,2026-09,
uuid-2569-2008,2026-04,87.5
uuid-2569-2008,2026-05,90.0
uuid-2569-2008,2026-06,93.8
uuid-2569-2008,2026-07,
uuid-2569-2008,2026-08,
uuid-2569-2008,2026-09,
uuid-2569-2009,2026-03,62.5
uuid-2569-2009,2026-04,62.5
uuid-2569-2009,2026-05,0.0
uuid-2569-2010,2026-03,93.8
uuid-2569-2010,2026-04,100.0
uuid-2569-2010,2026-05,100.0
uuid-2569-2010,2026-06,100.0
uuid-2569-2010,2026-07,
uuid-2569-2010,2026-08,
uuid-2569-2010,2026-09,
uuid-2569-2011,2026-03,62.5
uuid-2569-2011,2026-04,0.0
uuid-2569-2012,2026-04,91.7
uuid-2569-2012,2026-05,93.3
uuid-2569-2012,2026-06,100.0
uuid-2569-2012,2026-07,
uuid-2569-2012,2026-08,
uuid-2569-2012,2026-09,
uuid-2569-2013,2026-03,0.0
uuid-2569-2014,2026-03,81.2
uuid-2569-2014,2026-04,37.5
uuid-2569-2014,2026-05,65.0
uuid-2569-2014,2026-06,75.0
uuid-2569-2014,2026-07,
uuid-2569-2015,2026-03,75.0
uuid-2569-2015,2026-04,0.0
uuid-2569-2016,2026-03,43.8
uuid-2569-2016,2026-04,81.2
uuid-2569-2016,2026-05,75.0
uuid-2569-2016,2026-06,56.2
uuid-2569-2016,2026-07,
uuid-2569-2016,2026-08,
uuid-2569-2016,2026-09,
uuid-2569-2017,2026-03,43.8
uuid-2569-2017,2026-04,0.0
uuid-2569-2018,2026-03,43.8
uuid-2569-2018,2026-04,0.0
uuid-2569-2019,2026-03,0.0
uuid-2569-2020,2026-03,87.5
uuid-2569-2020,2026-04,93.8
uuid-2569-2020,2026-05,85.0
uuid-2569-2020,2026-06,100.0
uuid-2569-2020,2026-07,
uuid-2569-2020,2026-08,
uuid-2569-2020,2026-09,
uuid-2569-2021,2026-03,75.0
uuid-2569-2021,2026-04,62.5
uuid-2569-2021,2026-05,65.0
uuid-2569-2021,2026-06,43.8
uuid-2569-2021,2026-07,
uuid-2569-2021,2026-08,
uuid-2569-2021,2026-09,
uuid-2569-2022,2026-03,0.0
uuid-2569-2023,2026-03,43.8
uuid-2569-2023,2026-04,81.2
uuid-2569-2023,2026-05,50.0
uuid-2569-2023,2026-06,50.0
uuid-2569-2023,2026-07,
uuid-2569-2023,2026-08,
uuid-2569-2023,2026-09,
uuid-2569-2024,2026-03,100.0
uuid-2569-2024,2026-04,87.5
uuid-2569-2024,2026-05,80.0
uuid-2569-2024,2026-06,87.5
uuid-2569-2024,2026-07,
uuid-2569-2024,2026-08,
uuid-2569-2024,2026-09,
uuid-2569-2025,2026-03,66.7
uuid-2569-2025,2026-04,0.0
uuid-2569-2026,2026-03,100.0
uuid-2569-2026,2026-04,93.8
uuid-2569-2026,2026-05,90.0
uuid-2569-2026,2026-06,100.0
uuid-2569-2026,2026-07,
uuid-2569-2026,2026-08,
uuid-2569-2026,2026-09,
uuid-2569-2027,2026-06,81.2
uuid-2569-2027,2026-07,
uuid-2569-2027,2026-08,
uuid-2569-2027,2026-09,
uuid-2569-2028,2026-03,0.0
uuid-2569-2029,2026-03,62.5
uuid-2569-2029,2026-04,87.5
uuid-2569-2029,2026-05,40.0
uuid-2569-2029,2026-06,75.0
uuid-2569-2029,2026-07,
uuid-2569-2029,2026-08,
uuid-2569-2030,2026-04,100.0
uuid-2569-2030,2026-05,90.0
uuid-2569-2030,2026-06,93.8
uuid-2569-2030,2026-07,
uuid-2569-2030,2026-08,
uuid-2569-2030,2026-09,
uuid-2569-2031,2026-03,68.8
uuid-2569-2031,2026-04,87.5
uuid-2569-2031,2026-05,85.0
uuid-2569-2031,2026-06,87.5
uuid-2569-2031,2026-07,
uuid-2569-2031,2026-08,
uuid-2569-2031,2026-09,
uuid-2569-2032,2026-04,83.3
uuid-2569-2032,2026-05,86.7
uuid-2569-2032,2026-06,83.3
uuid-2569-2032,2026-07,
uuid-2569-2032,2026-08,
uuid-2569-2032,2026-09,
uuid-2569-2033,2026-03,100.0
uuid-2569-2033,2026-04,87.5
uuid-2569-2033,2026-05,80.0
uuid-2569-2033,2026-06,100.0
uuid-2569-2033,2026-07,
uuid-2569-2033,2026-08,
uuid-2569-2033,2026-09,
uuid-2569-2034,2026-04,68.8
uuid-2569-2034,2026-05,80.0
uuid-2569-2034,2026-06,81.2
uuid-2569-2034,2026-07,
uuid-2569-2035,2026-04,75.0
uuid-2569-2035,2026-05,93.3
uuid-2569-2035,2026-06,75.0
uuid-2569-2035,2026-07,
uuid-2569-2035,2026-08,
uuid-2569-2035,2026-09,
uuid-2569-2036,2026-03,100.0
uuid-2569-2036,2026-04,100.0
uuid-2569-2036,2026-05,90.0
uuid-2569-2036,2026-06,75.0
uuid-2569-2036,2026-07,
uuid-2569-2036,2026-08,
uuid-2569-2036,2026-09,
uuid-2569-2037,2026-03,93.8
uuid-2569-2037,2026-04,93.8
uuid-2569-2037,2026-05,90.0
uuid-2569-2037,2026-06,100.0
uuid-2569-2037,2026-07,
uuid-2569-2037,2026-08,
uuid-2569-2037,2026-09,
uuid-2569-2038,2026-03,83.3
uuid-2569-2038,2026-04,91.7
uuid-2569-2038,2026-05,93.3
uuid-2569-2038,2026-06,100.0
uuid-2569-2038,2026-07,
uuid-2569-2038,2026-08,
uuid-2569-2038,2026-09,
uuid-2569-2039,2026-03,25.0
uuid-2569-2039,2026-04,0.0
uuid-2569-2040,2026-06,68.8
uuid-2569-2040,2026-07,
uuid-2569-2040,2026-08,
uuid-2569-2041,2026-03,68.8
uuid-2569-2041,2026-04,62.5
uuid-2569-2041,2026-05,65.0
uuid-2569-2041,2026-06,50.0
uuid-2569-2041,2026-07,
uuid-2569-2041,2026-08,
uuid-2569-2041,2026-09,
uuid-2569-2042,2026-04,87.5
uuid-2569-2042,2026-05,65.0
uuid-2569-2042,2026-06,93.8
uuid-2569-2042,2026-07,
uuid-2569-2042,2026-08,
uuid-2569-2043,2026-04,81.2
uuid-2569-2043,2026-05,0.0
uuid-2569-2044,2026-03,68.8
uuid-2569-2044,2026-04,75.0
uuid-2569-2044,2026-05,75.0
uuid-2569-2044,2026-06,68.8
uuid-2569-2044,2026-07,
uuid-2569-2044,2026-08,
uuid-2569-2044,2026-09,
uuid-2569-2045,2026-04,87.5
uuid-2569-2045,2026-05,70.0
uuid-2569-2045,2026-06,75.0
uuid-2569-2045,2026-07,
uuid-2569-2045,2026-08,
uuid-2569-2045,2026-09,
uuid-2569-2046,2026-04,68.8
uuid-2569-2046,2026-05,0.0
uuid-2569-2047,2026-03,93.8
uuid-2569-2047,2026-04,100.0
uuid-2569-2047,2026-05,95.0
uuid-2569-2047,2026-06,87.5
uuid-2569-2047,2026-07,
uuid-2569-2047,2026-08,
uuid-2569-2047,2026-09,
uuid-2569-2048,2026-03,100.0
uuid-2569-2048,2026-04,100.0
uuid-2569-2048,2026-05,100.0
uuid-2569-2048,2026-06,100.0
uuid-2569-2048,2026-07,
uuid-2569-2048,2026-08,
uuid-2569-2048,2026-09,
uuid-2569-2049,2026-03,50.0
uuid-2569-2049,2026-04,0.0
uuid-2569-2050,2026-04,75.0
uuid-2569-2050,2026-05,70.0
uuid-2569-2050,2026-06,75.0
uuid-2569-2050,2026-07,
uuid-2569-2050,2026-08,
uuid-2569-2050,2026-09,
uuid-2569-2051,2026-05,75.0
uuid-2569-2051,2026-06,93.8
uuid-2569-2051,2026-07,
uuid-2569-2051,2026-08,
uuid-2569-2051,2026-09,
uuid-2569-2052,2026-04,0.0
uuid-2569-2053,2026-03,81.2
uuid-2569-2053,2026-04,81.2
uuid-2569-2053,2026-05,85.0
uuid-2569-2053,2026-06,75.0
uuid-2569-2053,2026-07,
uuid-2569-2053,2026-08,
uuid-2569-2053,2026-09,
uuid-2569-2054,2026-03,18.8
uuid-2569-2054,2026-04,43.8
uuid-2569-2054,2026-05,65.0
uuid-2569-2054,2026-06,43.8
uuid-2569-2054,2026-07,
uuid-2569-2054,2026-08,
uuid-2569-2055,2026-03,100.0
uuid-2569-2055,2026-04,93.8
uuid-2569-2055,2026-05,0.0
uuid-2569-2056,2026-06,75.0
uuid-2569-2056,2026-07,
uuid-2569-2056,2026-08,
uuid-2569-2056,2026-09,
uuid-2569-2057,2026-05,0.0
uuid-2569-2058,2026-04,43.8
uuid-2569-2058,2026-05,0.0
uuid-2569-2059,2026-03,75.0
uuid-2569-2059,2026-04,100.0
uuid-2569-2059,2026-05,80.0
uuid-2569-2059,2026-06,100.0
uuid-2569-2059,2026-07,
uuid-2569-2059,2026-08,
uuid-2569-2059,2026-09,
uuid-2569-2060,2026-03,93.8
uuid-2569-2060,2026-04,81.2
uuid-2569-2060,2026-05,90.0
uuid-2569-2060,2026-06,75.0
uuid-2569-2060,2026-07,
uuid-2569-2060,2026-08,
uuid-2569-2060,2026-09,
uuid-2569-2061,2026-03,0.0
uuid-2569-2062,2026-03,100.0
uuid-2569-2062,2026-04,91.7
uuid-2569-2062,2026-05,93.3
uuid-2569-2062,2026-06,91.7
uuid-2569-2062,2026-07,
uuid-2569-2062,2026-08,
uuid-2569-2062,2026-09,
uuid-2569-2063,2026-03,31.2
uuid-2569-2063,2026-04,68.8
uuid-2569-2063,2026-05,40.0
uuid-2569-2063,2026-06,43.8
uuid-2569-2063,2026-07,
uuid-2569-2063,2026-08,
uuid-2569-2063,2026-09,
uuid-2569-2064,2026-04,62.5
uuid-2569-2064,2026-05,75.0
uuid-2569-2064,2026-06,75.0
uuid-2569-2064,2026-07,
uuid-2569-2064,2026-08,
uuid-2569-2064,2026-09,
uuid-2569-2065,2026-03,100.0
uuid-2569-2065,2026-04,100.0
uuid-2569-2065,2026-05,100.0
uuid-2569-2065,2026-06,91.7
uuid-2569-2065,2026-07,
uuid-2569-2066,2026-05,65.0
uuid-2569-2066,2026-06,37.5
uuid-2569-2066,2026-07,
uuid-2569-2066,2026-08,
uuid-2569-2067,2026-03,100.0
uuid-2569-2067,2026-04,100.0
uuid-2569-2067,2026-05,93.3
uuid-2569-2067,2026-06,100.0
uuid-2569-2067,2026-07,
uuid-2569-2067,2026-08,
uuid-2569-2067,2026-09,
uuid-2569-2068,2026-03,56.2
uuid-2569-2068,2026-04,50.0
uuid-2569-2068,2026-05,75.0
uuid-2569-2068,2026-06,43.8
uuid-2569-2068,2026-07,
uuid-2569-2068,2026-08,
uuid-2569-2069,2026-05,90.0
uuid-2569-2069,2026-06,0.0
uuid-2569-2070,2026-03,68.8
uuid-2569-2070,2026-04,62.5
uuid-2569-2070,2026-05,55.0
uuid-2569-2070,2026-06,75.0
uuid-2569-2070,2026-07,
uuid-2569-2070,2026-08,
uuid-2569-2070,2026-09,
uuid-2569-2071,2026-03,93.8
uuid-2569-2071,2026-04,0.0
uuid-2569-2072,2026-03,87.5
uuid-2569-2072,2026-04,87.5
uuid-2569-2072,2026-05,50.0
uuid-2569-2072,2026-06,75.0
uuid-2569-2072,2026-07,
uuid-2569-2072,2026-08,
uuid-2569-2072,2026-09,
uuid-2569-2073,2026-04,93.8
uuid-2569-2073,2026-05,0.0
uuid-2569-2074,2026-03,100.0
uuid-2569-2074,2026-04,87.5
uuid-2569-2074,2026-05,100.0
uuid-2569-2074,2026-06,100.0
uuid-2569-2074,2026-07,
uuid-2569-2074,2026-08,
uuid-2569-2074,2026-09,
uuid-2569-2075,2026-03,81.2
uuid-2569-2075,2026-04,81.2
uuid-2569-2075,2026-05,75.0
uuid-2569-2075,2026-06,68.8
uuid-2569-2075,2026-07,
uuid-2569-2075,2026-08,
uuid-2569-2075,2026-09,
uuid-2569-2076,2026-03,56.2
uuid-2569-2076,2026-04,68.8
uuid-2569-2076,2026-05,75.0
uuid-2569-2076,2026-06,62.5
uuid-2569-2076,2026-07,
uuid-2569-2076,2026-08,
uuid-2569-2076,2026-09,
uuid-2569-2077,2026-03,100.0
uuid-2569-2077,2026-04,100.0
uuid-2569-2077,2026-05,100.0
uuid-2569-2077,2026-06,100.0
uuid-2569-2077,2026-07,
uuid-2569-2077,2026-08,
uuid-2569-2077,2026-09,
uuid-2569-2078,2026-03,87.5
uuid-2569-2078,2026-04,62.5
uuid-2569-2078,2026-05,55.0
uuid-2569-2078,2026-06,62.5
uuid-2569-2078,2026-07,
uuid-2569-2078,2026-08,
uuid-2569-2078,2026-09,
uuid-2569-2079,2026-03,100.0
uuid-2569-2079,2026-04,81.2
uuid-2569-2079,2026-05,100.0
uuid-2569-2079,2026-06,87.5
uuid-2569-2079,2026-07,
uuid-2569-2079,2026-08,
uuid-2569-2079,2026-09,
uuid-2569-2080,2026-03,75.0
uuid-2569-2080,2026-04,93.8
uuid-2569-2080,2026-05,95.0
uuid-2569-2080,2026-06,81.2
uuid-2569-2080,2026-07,
uuid-2569-2080,2026-08,
uuid-2569-2080,2026-09,
uuid-2569-2081,2026-03,100.0
uuid-2569-2081,2026-04,87.5
uuid-2569-2081,2026-05,90.0
uuid-2569-2081,2026-06,75.0
uuid-2569-2081,2026-07,
uuid-2569-2081,2026-08,
uuid-2569-2081,2026-09,
uuid-2569-2082,2026-03,87.5
uuid-2569-2082,2026-04,75.0
uuid-2569-2082,2026-05,50.0
uuid-2569-2082,2026-06,50.0
uuid-2569-2082,2026-07,
uuid-2569-2083,2026-03,56.2
uuid-2569-2083,2026-04,37.5
uuid-2569-2083,2026-05,0.0
uuid-2569-2084,2026-03,100.0
uuid-2569-2084,2026-04,93.8
uuid-2569-2084,2026-05,100.0
uuid-2569-2084,2026-06,100.0
uuid-2569-2084,2026-07,
uuid-2569-2084,2026-08,
uuid-2569-2084,2026-09,
uuid-2569-2085,2026-03,81.2
uuid-2569-2085,2026-04,75.0
uuid-2569-2085,2026-05,70.0
uuid-2569-2085,2026-06,81.2
uuid-2569-2085,2026-07,
uuid-2569-2085,2026-08,
uuid-2569-2085,2026-09,
uuid-2569-2086,2026-03,81.2
uuid-2569-2086,2026-04,87.5
uuid-2569-2086,2026-05,90.0
uuid-2569-2086,2026-06,81.2
uuid-2569-2086,2026-07,
uuid-2569-2086,2026-08,
uuid-2569-2086,2026-09,
uuid-2569-2087,2026-03,93.8
uuid-2569-2087,2026-04,0.0
uuid-2569-2088,2026-03,0.0
uuid-2569-2089,2026-03,37.5
uuid-2569-2089,2026-04,50.0
uuid-2569-2089,2026-05,60.0
uuid-2569-2089,2026-06,62.5
uuid-2569-2089,2026-07,
uuid-2569-2090,2026-03,87.5
uuid-2569-2090,2026-04,68.8
uuid-2569-2090,2026-05,55.0
uuid-2569-2090,2026-06,75.0
uuid-2569-2090,2026-07,
uuid-2569-2090,2026-08,
uuid-2569-2090,2026-09,
uuid-2569-2091,2026-03,0.0
uuid-2569-2092,2026-04,81.2
uuid-2569-2092,2026-05,85.0
uuid-2569-2092,2026-06,0.0
uuid-2569-2093,2026-03,66.7
uuid-2569-2093,2026-04,41.7
uuid-2569-2093,2026-05,46.7
uuid-2569-2093,2026-06,58.3
uuid-2569-2093,2026-07,
uuid-2569-2093,2026-08,
uuid-2569-2093,2026-09,
uuid-2569-2094,2026-04,100.0
uuid-2569-2094,2026-05,80.0
uuid-2569-2094,2026-06,0.0
uuid-2569-2095,2026-03,100.0
uuid-2569-2095,2026-04,87.5
uuid-2569-2095,2026-05,80.0
uuid-2569-2095,2026-06,87.5
uuid-2569-2095,2026-07,
uuid-2569-2096,2026-03,87.5
uuid-2569-2096,2026-04,62.5
uuid-2569-2096,2026-05,90.0
uuid-2569-2096,2026-06,100.0
uuid-2569-2096,2026-07,
uuid-2569-2096,2026-08,
uuid-2569-2097,2026-03,41.7
uuid-2569-2097,2026-04,100.0
uuid-2569-2097,2026-05,80.0
uuid-2569-2097,2026-06,58.3
uuid-2569-2097,2026-07,
uuid-2569-2097,2026-08,
uuid-2569-2097,2026-09,
uuid-2569-2098,2026-03,93.8
uuid-2569-2098,2026-04,56.2
uuid-2569-2098,2026-05,0.0
uuid-2569-2099,2026-03,25.0
uuid-2569-2099,2026-04,43.8
uuid-2569-2099,2026-05,70.0
uuid-2569-2099,2026-06,0.0
uuid-2569-2100,2026-05,55.0
uuid-2569-2100,2026-06,68.8
uuid-2569-2100,2026-07,
uuid-2569-2101,2026-03,100.0
uuid-2569-2101,2026-04,25.0
uuid-2569-2101,2026-05,0.0
uuid-2569-2102,2026-03,75.0
uuid-2569-2102,2026-04,0.0
uuid-2569-2103,2026-03,75.0
uuid-2569-2103,2026-04,87.5
uuid-2569-2103,2026-05,75.0
uuid-2569-2103,2026-06,56.2
uuid-2569-2103,2026-07,
uuid-2569-2104,2026-03,75.0
uuid-2569-2104,2026-04,62.5
uuid-2569-2104,2026-05,60.0
uuid-2569-2104,2026-06,68.8
uuid-2569-2104,2026-07,
uuid-2569-2104,2026-08,
uuid-2569-2104,2026-09,
uuid-2569-2105,2026-03,0.0
uuid-2569-2106,2026-03,56.2
uuid-2569-2106,2026-04,75.0
uuid-2569-2106,2026-05,60.0
uuid-2569-2106,2026-06,62.5
uuid-2569-2106,2026-07,
uuid-2569-2107,2026-05,75.0
uuid-2569-2107,2026-06,75.0
uuid-2569-2107,2026-07,
uuid-2569-2107,2026-08,
uuid-2569-2107,2026-09,
uuid-2569-2108,2026-03,62.5
uuid-2569-2108,2026-04,43.8
uuid-2569-2108,2026-05,50.0
uuid-2569-2108,2026-06,68.8
uuid-2569-2108,2026-07,
uuid-2569-2109,2026-03,81.2
uuid-2569-2109,2026-04,62.5
uuid-2569-2109,2026-05,80.0
uuid-2569-2109,2026-06,75.0
uuid-2569-2109,2026-07,
uuid-2569-2109,2026-08,
uuid-2569-2109,2026-09,
uuid-2569-2110,2026-03,100.0
uuid-2569-2110,2026-04,100.0
uuid-2569-2110,2026-05,95.0
uuid-2569-2110,2026-06,100.0
uuid-2569-2110,2026-07,
uuid-2569-2110,2026-08,
uuid-2569-2110,2026-09,
uuid-2569-2111,2026-03,43.8
uuid-2569-2111,2026-04,50.0
uuid-2569-2111,2026-05,50.0
uuid-2569-2111,2026-06,43.8
uuid-2569-2111,2026-07,
uuid-2569-2111,2026-08,
uuid-2569-2111,2026-09,
uuid-2569-2112,2026-03,75.0
uuid-2569-2112,2026-04,81.2
uuid-2569-2112,2026-05,70.0
uuid-2569-2112,2026-06,37.5
uuid-2569-2112,2026-07,
uuid-2569-2112,2026-08,
uuid-2569-2112,2026-09,
uuid-2569-2113,2026-03,75.0
uuid-2569-2113,2026-04,58.3
uuid-2569-2113,2026-05,86.7
uuid-2569-2113,2026-06,83.3
uuid-2569-2113,2026-07,
uuid-2569-2113,2026-08,
uuid-2569-2113,2026-09,
uuid-2569-2114,2026-03,50.0
uuid-2569-2114,2026-04,56.2
uuid-2569-2114,2026-05,60.0
uuid-2569-2114,2026-06,75.0
uuid-2569-2114,2026-07,
uuid-2569-2114,2026-08,
uuid-2569-2114,2026-09,
uuid-2569-2115,2026-03,0.0
uuid-2569-2116,2026-04,100.0
uuid-2569-2116,2026-05,95.0
uuid-2569-2116,2026-06,87.5
uuid-2569-2116,2026-07,
uuid-2569-2116,2026-08,
uuid-2569-2116,2026-09,
uuid-2569-2117,2026-04,100.0
uuid-2569-2117,2026-05,100.0
uuid-2569-2117,2026-06,100.0
uuid-2569-2117,2026-07,
uuid-2569-2117,2026-08,
uuid-2569-2117,2026-09,
uuid-2569-2118,2026-03,0.0
uuid-2569-2119,2026-03,93.8
uuid-2569-2119,2026-04,100.0
uuid-2569-2119,2026-05,90.0
uuid-2569-2119,2026-06,100.0
uuid-2569-2119,2026-07,
uuid-2569-2119,2026-08,
uuid-2569-2119,2026-09,
uuid-2569-2120,2026-03,81.2
uuid-2569-2120,2026-04,75.0
uuid-2569-2120,2026-05,75.0
uuid-2569-2120,2026-06,81.2
uuid-2569-2120,2026-07,
uuid-2569-2120,2026-08,
uuid-2569-2120,2026-09,
uuid-2569-2121,2026-04,100.0
uuid-2569-2121,2026-05,100.0
uuid-2569-2121,2026-06,87.5
uuid-2569-2121,2026-07,
uuid-2569-2121,2026-08,
uuid-2569-2121,2026-09,
uuid-2569-2122,2026-03,87.5
uuid-2569-2122,2026-04,93.8
uuid-2569-2122,2026-05,90.0
uuid-2569-2122,2026-06,87.5
uuid-2569-2122,2026-07,
uuid-2569-2122,2026-08,
uuid-2569-2122,2026-09,
uuid-2569-2123,2026-03,87.5
uuid-2569-2123,2026-04,100.0
uuid-2569-2123,2026-05,75.0
uuid-2569-2123,2026-06,81.2
uuid-2569-2123,2026-07,
uuid-2569-2123,2026-08,
uuid-2569-2123,2026-09,
uuid-2569-2124,2026-03,75.0
uuid-2569-2124,2026-04,81.2
uuid-2569-2124,2026-05,45.0
uuid-2569-2124,2026-06,68.8
uuid-2569-2124,2026-07,
uuid-2569-2124,2026-08,
uuid-2569-2124,2026-09,
uuid-2569-2125,2026-03,87.5
uuid-2569-2125,2026-04,56.2
uuid-2569-2125,2026-05,85.0
uuid-2569-2125,2026-06,50.0
uuid-2569-2125,2026-07,
uuid-2569-2125,2026-08,
uuid-2569-2125,2026-09,
uuid-2569-2126,2026-03,31.2
uuid-2569-2126,2026-04,37.5
uuid-2569-2126,2026-05,45.0
uuid-2569-2126,2026-06,0.0
uuid-2569-2127,2026-06,68.8
uuid-2569-2127,2026-07,
uuid-2569-2128,2026-05,0.0
uuid-2569-2129,2026-04,91.7
uuid-2569-2129,2026-05,100.0
uuid-2569-2129,2026-06,91.7
uuid-2569-2129,2026-07,
uuid-2569-2129,2026-08,
uuid-2569-2129,2026-09,
uuid-2569-2130,2026-04,87.5
uuid-2569-2130,2026-05,90.0
uuid-2569-2130,2026-06,93.8
uuid-2569-2130,2026-07,
uuid-2569-2130,2026-08,
uuid-2569-2130,2026-09,
uuid-2569-2131,2026-03,66.7
uuid-2569-2131,2026-04,66.7
uuid-2569-2131,2026-05,66.7
uuid-2569-2131,2026-06,41.7
uuid-2569-2131,2026-07,
uuid-2569-2131,2026-08,
uuid-2569-2131,2026-09,
uuid-2569-2132,2026-03,87.5
uuid-2569-2132,2026-04,75.0
uuid-2569-2132,2026-05,80.0
uuid-2569-2132,2026-06,87.5
uuid-2569-2132,2026-07,
uuid-2569-2132,2026-08,
uuid-2569-2132,2026-09,
uuid-2569-2133,2026-03,87.5
uuid-2569-2133,2026-04,87.5
uuid-2569-2133,2026-05,70.0
uuid-2569-2133,2026-06,75.0
uuid-2569-2133,2026-07,
uuid-2569-2133,2026-08,
uuid-2569-2133,2026-09,
uuid-2569-2134,2026-03,25.0
uuid-2569-2134,2026-04,0.0
uuid-2569-2135,2026-03,81.2
uuid-2569-2135,2026-04,62.5
uuid-2569-2135,2026-05,95.0
uuid-2569-2135,2026-06,81.2
uuid-2569-2135,2026-07,
uuid-2569-2135,2026-08,
uuid-2569-2135,2026-09,
uuid-2569-2136,2026-03,62.5
uuid-2569-2136,2026-04,87.5
uuid-2569-2136,2026-05,55.0
uuid-2569-2136,2026-06,56.2
uuid-2569-2136,2026-07,
uuid-2569-2136,2026-08,
uuid-2569-2136,2026-09,
uuid-2569-2137,2026-03,100.0
uuid-2569-2137,2026-04,100.0
uuid-2569-2137,2026-05,100.0
uuid-2569-2137,2026-06,100.0
uuid-2569-2137,2026-07,
uuid-2569-2137,2026-08,
uuid-2569-2137,2026-09,
uuid-2569-2138,2026-03,87.5
uuid-2569-2138,2026-04,0.0
uuid-2569-2139,2026-04,41.7
uuid-2569-2139,2026-05,60.0
uuid-2569-2139,2026-06,25.0
uuid-2569-2139,2026-07,
uuid-2569-2139,2026-08,
uuid-2569-2140,2026-03,0.0
uuid-2569-2141,2026-04,68.8
uuid-2569-2141,2026-05,75.0
uuid-2569-2141,2026-06,75.0
uuid-2569-2141,2026-07,
uuid-2569-2141,2026-08,
uuid-2569-2141,2026-09,
uuid-2569-2142,2026-06,93.8
uuid-2569-2142,2026-07,
uuid-2569-2143,2026-03,0.0
uuid-2569-2144,2026-04,75.0
uuid-2569-2144,2026-05,40.0
uuid-2569-2144,2026-06,0.0
uuid-2569-2145,2026-03,0.0
uuid-2569-2146,2026-03,91.7
uuid-2569-2146,2026-04,91.7
uuid-2569-2146,2026-05,93.3
uuid-2569-2146,2026-06,91.7
uuid-2569-2146,2026-07,
uuid-2569-2146,2026-08,
uuid-2569-2146,2026-09,
uuid-2569-2147,2026-05,50.0
uuid-2569-2147,2026-06,50.0
uuid-2569-2147,2026-07,
uuid-2569-2147,2026-08,
uuid-2569-2148,2026-04,75.0
uuid-2569-2148,2026-05,80.0
uuid-2569-2148,2026-06,75.0
uuid-2569-2148,2026-07,
uuid-2569-2149,2026-03,62.5
uuid-2569-2149,2026-04,75.0
uuid-2569-2149,2026-05,60.0
uuid-2569-2149,2026-06,50.0
uuid-2569-2149,2026-07,
uuid-2569-2149,2026-08,
uuid-2569-2149,2026-09,
uuid-2569-2150,2026-04,93.8
uuid-2569-2150,2026-05,100.0
uuid-2569-2150,2026-06,100.0
uuid-2569-2150,2026-07,
uuid-2569-2150,2026-08,
uuid-2569-2150,2026-09,
