student_key,year,month,active,churned_next_month,churn_date,label_source
2568-1001,2568,2025-06,1,0.0,,label_sheet
2568-1001,2568,2025-07,1,1.0,2025-07-31,label_sheet
2568-1002,2568,2025-03,1,0.0,,label_sheet
2568-1002,2568,2025-04,1,0.0,,label_sheet
2568-1002,2568,2025-05,1,0.0,,label_sheet
2568-1002,2568,2025-06,1,0.0,,label_sheet
2568-1002,2568,2025-07,1,1.0,2025-07-31,label_sheet
2568-1003,2568,2025-03,1,0.0,,label_sheet
2568-1003,2568,2025-04,1,0.0,,label_sheet
2568-1003,2568,2025-05,1,0.0,,label_sheet
2568-1003,2568,2025-06,1,0.0,,label_sheet
2568-1003,2568,2025-07,1,0.0,,label_sheet
2568-1003,2568,2025-08,1,0.0,,label_sheet
2568-1003,2568,2025-09,1,,,label_sheet
2568-1004,2568,2025-03,1,0.0,,label_sheet
2568-1004,2568,2025-04,1,0.0,,label_sheet
2568-1004,2568,2025-05,1,0.0,,label_sheet
2568-1004,2568,2025-06,1,0.0,,label_sheet
2568-1004,2568,2025-07,1,0.0,,label_sheet
2568-1004,2568,2025-08,1,0.0,,label_sheet
2568-1004,2568,2025-09,1,,,label_sheet
2568-1005,2568,2025-03,1,0.0,,label_sheet
2568-1005,2568,2025-04,1,0.0,,label_sheet
2568-1005,2568,2025-05,1,0.0,,label_sheet
2568-1005,2568,2025-06,1,0.0,,label_sheet
2568-1005,2568,2025-07,1,0.0,,label_sheet
2568-1005,2568,2025-08,1,0.0,,label_sheet
2568-1005,2568,2025-09,1,,,label_sheet
2568-1006,2568,2025-03,1,0.0,,line
2568-1006,2568,2025-04,1,0.0,,line
2568-1006,2568,2025-05,1,0.0,,line
2568-1006,2568,2025-06,1,1.0,2025-06-30,line
2568-1007,2568,2025-04,1,0.0,,label_sheet
2568-1007,2568,2025-05,1,0.0,,label_sheet
2568-1007,2568,2025-06,1,0.0,,label_sheet
2568-1007,2568,2025-07,1,1.0,2025-07-31,label_sheet
2568-1008,2568,2025-04,1,0.0,,label_sheet
2568-1008,2568,2025-05,1,0.0,,label_sheet
2568-1008,2568,2025-06,1,0.0,,label_sheet
2568-1008,2568,2025-07,1,0.0,,label_sheet
2568-1008,2568,2025-08,1,0.0,,label_sheet
2568-1008,2568,2025-09,1,,,label_sheet
2568-1009,2568,2025-06,1,0.0,,label_sheet
2568-1009,2568,2025-07,1,0.0,,label_sheet
2568-1009,2568,2025-08,1,0.0,,label_sheet
2568-1009,2568,2025-09,1,,,label_sheet
2568-1010,2568,2025-04,1,0.0,,label_sheet
2568-1010,2568,2025-05,1,0.0,,label_sheet
2568-1010,2568,2025-06,1,0.0,,label_sheet
2568-1010,2568,2025-07,1,0.0,,label_sheet
2568-1010,2568,2025-08,1,0.0,,label_sheet
2568-1010,2568,2025-09,1,,,label_sheet
2568-1011,2568,2025-06,1,0.0,,label_sheet
2568-1011,2568,2025-07,1,0.0,,label_sheet
2568-1011,2568,2025-08,1,0.0,,label_sheet
2568-1011,2568,2025-09,1,,,label_sheet
2568-1012,2568,2025-03,1,0.0,,label_sheet
2568-1012,2568,2025-04,1,0.0,,label_sheet
2568-1012,2568,2025-05,1,0.0,,label_sheet
2568-1012,2568,2025-06,1,0.0,,label_sheet
2568-1012,2568,2025-07,1,0.0,,label_sheet
2568-1012,2568,2025-08,1,0.0,,label_sheet
2568-1012,2568,2025-09,1,,,label_sheet
2568-1013,2568,2025-04,1,0.0,,label_sheet
2568-1013,2568,2025-05,1,0.0,,label_sheet
2568-1013,2568,2025-06,1,0.0,,label_sheet
2568-1013,2568,2025-07,1,0.0,,label_sheet
2568-1013,2568,2025-08,1,0.0,,label_sheet
2568-1013,2568,2025-09,1,,,label_sheet
2568-1014,2568,2025-03,1,0.0,,label_sheet
2568-1014,2568,2025-04,1,0.0,,label_sheet
2568-1014,2568,2025-05,1,0.0,,label_sheet
2568-1014,2568,2025-06,1,0.0,,label_sheet
2568-1014,2568,2025-07,1,0.0,,label_sheet
2568-1014,2568,2025-08,1,0.0,,label_sheet
2568-1014,2568,2025-09,1,,,label_sheet
2568-1015,2568,2025-03,1,1.0,2025-03-31,label_sheet
2568-1016,2568,2025-03,1,0.0,,label_sheet
2568-1016,2568,2025-04,1,0.0,,label_sheet
2568-1016,2568,2025-05,1,0.0,,label_sheet
2568-1016,2568,2025-06,1,0.0,,label_sheet
2568-1016,2568,2025-07,1,1.0,2025-07-31,label_sheet
2568-1017,2568,2025-03,1,0.0,,label_sheet
2568-1017,2568,2025-04,1,0.0,,label_sheet
2568-1017,2568,2025-05,1,0.0,,label_sheet
2568-1017,2568,2025-06,1,0.0,,label_sheet
2568-1017,2568,2025-07,1,0.0,,label_sheet
2568-1017,2568,2025-08,1,0.0,,label_sheet
2568-1017,2568,2025-09,1,,,label_sheet
2568-1018,2568,2025-04,1,0.0,,label_sheet
2568-1018,2568,2025-05,1,0.0,,label_sheet
2568-1018,2568,2025-06,1,0.0,,label_sheet
2568-1018,2568,2025-07,1,0.0,,label_sheet
2568-1018,2568,2025-08,1,0.0,,label_sheet
2568-1018,2568,2025-09,1,,,label_sheet
2568-1019,2568,2025-05,1,0.0,,memory
2568-1019,2568,2025-06,1,0.0,,memory
2568-1019,2568,2025-07,1,1.0,2025-07-31,memory
2568-1020,2568,2025-04,1,0.0,,label_sheet
2568-1020,2568,2025-05,1,0.0,,label_sheet
2568-1020,2568,2025-06,1,0.0,,label_sheet
2568-1020,2568,2025-07,1,0.0,,label_sheet
2568-1020,2568,2025-08,1,0.0,,label_sheet
2568-1020,2568,2025-09,1,,,label_sheet
2568-1021,2568,2025-03,1,0.0,,label_sheet
2568-1021,2568,2025-04,1,0.0,,label_sheet
2568-1021,2568,2025-05,1,0.0,,label_sheet
2568-1021,2568,2025-06,1,0.0,,label_sheet
2568-1021,2568,2025-07,1,0.0,,label_sheet
2568-1021,2568,2025-08,1,0.0,,label_sheet
2568-1021,2568,2025-09,1,,,label_sheet
2568-1022,2568,2025-03,1,0.0,,label_sheet
2568-1022,2568,2025-04,1,0.0,,label_sheet
2568-1022,2568,2025-05,1,0.0,,label_sheet
2568-1022,2568,2025-06,1,0.0,,label_sheet
2568-1022,2568,2025-07,1,0.0,,label_sheet
2568-1022,2568,2025-08,1,0.0,,label_sheet
2568-1022,2568,2025-09,1,,,label_sheet
2568-1023,2568,2025-04,1,0.0,,label_sheet
2568-1023,2568,2025-05,1,0.0,,label_sheet
2568-1023,2568,2025-06,1,1.0,2025-06-30,label_sheet
2568-1024,2568,2025-04,1,0.0,,memory
2568-1024,2568,2025-05,1,0.0,,memory
2568-1024,2568,2025-06,1,0.0,,memory
2568-1024,2568,2025-07,1,1.0,2025-07-31,memory
2568-1025,2568,2025-03,1,0.0,,label_sheet
2568-1025,2568,2025-04,1,0.0,,label_sheet
2568-1025,2568,2025-05,1,0.0,,label_sheet
2568-1025,2568,2025-06,1,0.0,,label_sheet
2568-1025,2568,2025-07,1,0.0,,label_sheet
2568-1025,2568,2025-08,1,1.0,2025-08-31,label_sheet
2568-1026,2568,2025-03,1,0.0,,label_sheet
2568-1026,2568,2025-04,1,0.0,,label_sheet
2568-1026,2568,2025-05,1,0.0,,label_sheet
2568-1026,2568,2025-06,1,0.0,,label_sheet
2568-1026,2568,2025-07,1,0.0,,label_sheet
2568-1026,2568,2025-08,1,0.0,,label_sheet
2568-1026,2568,2025-09,1,,,label_sheet
2568-1027,2568,2025-03,1,0.0,,label_sheet
2568-1027,2568,2025-04,1,0.0,,label_sheet
2568-1027,2568,2025-05,1,0.0,,label_sheet
2568-1027,2568,2025-06,1,0.0,,label_sheet
2568-1027,2568,2025-07,1,0.0,,label_sheet
2568-1027,2568,2025-08,1,0.0,,label_sheet
2568-1027,2568,2025-09,1,,,label_sheet
2568-1028,2568,2025-03,1,0.0,,label_sheet
2568-1028,2568,2025-04,1,0.0,,label_sheet
2568-1028,2568,2025-05,1,0.0,,label_sheet
2568-1028,2568,2025-06,1,0.0,,label_sheet
2568-1028,2568,2025-07,1,1.0,2025-07-31,label_sheet
2568-1029,2568,2025-03,1,0.0,,label_sheet
2568-1029,2568,2025-04,1,0.0,,label_sheet
2568-1029,2568,2025-05,1,0.0,,label_sheet
2568-1029,2568,2025-06,1,1.0,2025-06-30,label_sheet
2568-1030,2568,2025-03,1,0.0,,label_sheet
2568-1030,2568,2025-04,1,0.0,,label_sheet
2568-1030,2568,2025-05,1,0.0,,label_sheet
2568-1030,2568,2025-06,1,0.0,,label_sheet
2568-1030,2568,2025-07,1,0.0,,label_sheet
2568-1030,2568,2025-08,1,0.0,,label_sheet
2568-1030,2568,2025-09,1,,,label_sheet
2568-1031,2568,2025-03,1,0.0,,label_sheet
2568-1031,2568,2025-04,1,0.0,,label_sheet
2568-1031,2568,2025-05,1,0.0,,label_sheet
2568-1031,2568,2025-06,1,0.0,,label_sheet
2568-1031,2568,2025-07,1,0.0,,label_sheet
2568-1031,2568,2025-08,1,0.0,,label_sheet
2568-1031,2568,2025-09,1,,,label_sheet
2568-1032,2568,2025-03,1,0.0,,label_sheet
2568-1032,2568,2025-04,1,0.0,,label_sheet
2568-1032,2568,2025-05,1,0.0,,label_sheet
2568-1032,2568,2025-06,1,0.0,,label_sheet
2568-1032,2568,2025-07,1,0.0,,label_sheet
2568-1032,2568,2025-08,1,0.0,,label_sheet
2568-1032,2568,2025-09,1,,,label_sheet
2568-1033,2568,2025-03,1,0.0,,label_sheet
2568-1033,2568,2025-04,1,0.0,,label_sheet
2568-1033,2568,2025-05,1,0.0,,label_sheet
2568-1033,2568,2025-06,1,0.0,,label_sheet
2568-1033,2568,2025-07,1,0.0,,label_sheet
2568-1033,2568,2025-08,1,1.0,2025-08-31,label_sheet
2568-1034,2568,2025-04,1,0.0,,label_sheet
2568-1034,2568,2025-05,1,0.0,,label_sheet
2568-1034,2568,2025-06,1,0.0,,label_sheet
2568-1034,2568,2025-07,1,0.0,,label_sheet
2568-1034,2568,2025-08,1,0.0,,label_sheet
2568-1034,2568,2025-09,1,,,label_sheet
2568-1035,2568,2025-04,1,0.0,,line
2568-1035,2568,2025-05,1,0.0,,line
2568-1035,2568,2025-06,1,0.0,,line
2568-1035,2568,2025-07,1,0.0,,line
2568-1035,2568,2025-08,1,1.0,2025-08-31,line
2568-1036,2568,2025-03,1,0.0,,label_sheet
2568-1036,2568,2025-04,1,0.0,,label_sheet
2568-1036,2568,2025-05,1,0.0,,label_sheet
2568-1036,2568,2025-06,1,0.0,,label_sheet
2568-1036,2568,2025-07,1,0.0,,label_sheet
2568-1036,2568,2025-08,1,0.0,,label_sheet
2568-1036,2568,2025-09,1,,,label_sheet
2568-1037,2568,2025-03,1,0.0,,label_sheet
2568-1037,2568,2025-04,1,0.0,,label_sheet
2568-1037,2568,2025-05,1,0.0,,label_sheet
2568-1037,2568,2025-06,1,0.0,,label_sheet
2568-1037,2568,2025-07,1,0.0,,label_sheet
2568-1037,2568,2025-08,1,0.0,,label_sheet
2568-1037,2568,2025-09,1,,,label_sheet
2568-1038,2568,2025-03,1,0.0,,line
2568-1038,2568,2025-04,1,0.0,,line
2568-1038,2568,2025-05,1,0.0,,line
2568-1038,2568,2025-06,1,1.0,2025-06-30,line
2568-1039,2568,2025-05,1,0.0,,label_sheet
2568-1039,2568,2025-06,1,0.0,,label_sheet
2568-1039,2568,2025-07,1,0.0,,label_sheet
2568-1039,2568,2025-08,1,0.0,,label_sheet
2568-1039,2568,2025-09,1,,,label_sheet
2568-1040,2568,2025-03,1,0.0,,label_sheet
2568-1040,2568,2025-04,1,0.0,,label_sheet
2568-1040,2568,2025-05,1,0.0,,label_sheet
2568-1040,2568,2025-06,1,0.0,,label_sheet
2568-1040,2568,2025-07,1,0.0,,label_sheet
2568-1040,2568,2025-08,1,0.0,,label_sheet
2568-1040,2568,2025-09,1,,,label_sheet
2568-1041,2568,2025-03,1,0.0,,label_sheet
2568-1041,2568,2025-04,1,0.0,,label_sheet
2568-1041,2568,2025-05,1,0.0,,label_sheet
2568-1041,2568,2025-06,1,0.0,,label_sheet
2568-1041,2568,2025-07,1,0.0,,label_sheet
2568-1041,2568,2025-08,1,0.0,,label_sheet
2568-1041,2568,2025-09,1,,,label_sheet
2568-1042,2568,2025-04,1,0.0,,label_sheet
2568-1042,2568,2025-05,1,0.0,,label_sheet
2568-1042,2568,2025-06,1,0.0,,label_sheet
2568-1042,2568,2025-07,1,0.0,,label_sheet
2568-1042,2568,2025-08,1,0.0,,label_sheet
2568-1042,2568,2025-09,1,,,label_sheet
2568-1043,2568,2025-03,1,0.0,,label_sheet
2568-1043,2568,2025-04,1,0.0,,label_sheet
2568-1043,2568,2025-05,1,0.0,,label_sheet
2568-1043,2568,2025-06,1,0.0,,label_sheet
2568-1043,2568,2025-07,1,0.0,,label_sheet
2568-1043,2568,2025-08,1,0.0,,label_sheet
2568-1043,2568,2025-09,1,,,label_sheet
2568-1044,2568,2025-03,1,0.0,,label_sheet
2568-1044,2568,2025-04,1,0.0,,label_sheet
2568-1044,2568,2025-05,1,1.0,2025-05-31,label_sheet
2568-1045,2568,2025-03,1,0.0,,label_sheet
2568-1045,2568,2025-04,1,0.0,,label_sheet
2568-1045,2568,2025-05,1,0.0,,label_sheet
2568-1045,2568,2025-06,1,0.0,,label_sheet
2568-1045,2568,2025-07,1,0.0,,label_sheet
2568-1045,2568,2025-08,1,0.0,,label_sheet
2568-1045,2568,2025-09,1,,,label_sheet
2568-1046,2568,2025-03,1,0.0,,line
2568-1046,2568,2025-04,1,0.0,,line
2568-1046,2568,2025-05,1,1.0,2025-05-31,line
2568-1047,2568,2025-03,1,0.0,,label_sheet
2568-1047,2568,2025-04,1,0.0,,label_sheet
2568-1047,2568,2025-05,1,0.0,,label_sheet
2568-1047,2568,2025-06,1,0.0,,label_sheet
2568-1047,2568,2025-07,1,0.0,,label_sheet
2568-1047,2568,2025-08,1,0.0,,label_sheet
2568-1047,2568,2025-09,1,,,label_sheet
2568-1048,2568,2025-03,1,0.0,,label_sheet
2568-1048,2568,2025-04,1,0.0,,label_sheet
2568-1048,2568,2025-05,1,0.0,,label_sheet
2568-1048,2568,2025-06,1,0.0,,label_sheet
2568-1048,2568,2025-07,1,1.0,2025-07-31,label_sheet
2568-1049,2568,2025-03,1,0.0,,label_sheet
2568-1049,2568,2025-04,1,0.0,,label_sheet
2568-1049,2568,2025-05,1,0.0,,label_sheet
2568-1049,2568,2025-06,1,0.0,,label_sheet
2568-1049,2568,2025-07,1,0.0,,label_sheet
2568-1049,2568,2025-08,1,0.0,,label_sheet
2568-1049,2568,2025-09,1,,,label_sheet
2568-1050,2568,2025-03,1,0.0,,label_sheet
2568-1050,2568,2025-04,1,0.0,,label_sheet
2568-1050,2568,2025-05,1,0.0,,label_sheet
2568-1050,2568,2025-06,1,0.0,,label_sheet
2568-1050,2568,2025-07,1,0.0,,label_sheet
2568-1050,2568,2025-08,1,0.0,,label_sheet
2568-1050,2568,2025-09,1,,,label_sheet
2568-1051,2568,2025-03,1,0.0,,label_sheet
2568-1051,2568,2025-04,1,0.0,,label_sheet
2568-1051,2568,2025-05,1,0.0,,label_sheet
2568-1051,2568,2025-06,1,0.0,,label_sheet
2568-1051,2568,2025-07,1,0.0,,label_sheet
2568-1051,2568,2025-08,1,0.0,,label_sheet
2568-1051,2568,2025-09,1,,,label_sheet
2568-1052,2568,2025-03,1,0.0,,label_sheet
2568-1052,2568,2025-04,1,0.0,,label_sheet
2568-1052,2568,2025-05,1,0.0,,label_sheet
2568-1052,2568,2025-06,1,0.0,,label_sheet
2568-1052,2568,2025-07,1,0.0,,label_sheet
2568-1052,2568,2025-08,1,0.0,,label_sheet
2568-1052,2568,2025-09,1,,,label_sheet
2568-1053,2568,2025-03,1,0.0,,line
2568-1053,2568,2025-04,1,0.0,,line
2568-1053,2568,2025-05,1,0.0,,line
2568-1053,2568,2025-06,1,1.0,2025-06-30,line
2568-1054,2568,2025-04,1,0.0,,label_sheet
2568-1054,2568,2025-05,1,0.0,,label_sheet
2568-1054,2568,2025-06,1,0.0,,label_sheet
2568-1054,2568,2025-07,1,0.0,,label_sheet
2568-1054,2568,2025-08,1,0.0,,label_sheet
2568-1054,2568,2025-09,1,,,label_sheet
2568-1055,2568,2025-03,1,0.0,,memory
2568-1055,2568,2025-04,1,0.0,,memory
2568-1055,2568,2025-05,1,0.0,,memory
2568-1055,2568,2025-06,1,1.0,2025-06-30,memory
2568-1056,2568,2025-03,1,0.0,,label_sheet
2568-1056,2568,2025-04,1,0.0,,label_sheet
2568-1056,2568,2025-05,1,0.0,,label_sheet
2568-1056,2568,2025-06,1,0.0,,label_sheet
2568-1056,2568,2025-07,1,0.0,,label_sheet
2568-1056,2568,2025-08,1,0.0,,label_sheet
2568-1056,2568,2025-09,1,,,label_sheet
2568-1057,2568,2025-03,1,0.0,,label_sheet
2568-1057,2568,2025-04,1,0.0,,label_sheet
2568-1057,2568,2025-05,1,0.0,,label_sheet
2568-1057,2568,2025-06,1,0.0,,label_sheet
2568-1057,2568,2025-07,1,0.0,,label_sheet
2568-1057,2568,2025-08,1,0.0,,label_sheet
2568-1057,2568,2025-09,1,,,label_sheet
2568-1058,2568,2025-03,1,0.0,,label_sheet
2568-1058,2568,2025-04,1,0.0,,label_sheet
2568-1058,2568,2025-05,1,0.0,,label_sheet
2568-1058,2568,2025-06,1,0.0,,label_sheet
2568-1058,2568,2025-07,1,0.0,,label_sheet
2568-1058,2568,2025-08,1,0.0,,label_sheet
2568-1058,2568,2025-09,1,,,label_sheet
2568-1059,2568,2025-04,1,0.0,,label_sheet
2568-1059,2568,2025-05,1,0.0,,label_sheet
2568-1059,2568,2025-06,1,0.0,,label_sheet
2568-1059,2568,2025-07,1,0.0,,label_sheet
2568-1059,2568,2025-08,1,0.0,,label_sheet
2568-1059,2568,2025-09,1,,,label_sheet
2568-1060,2568,2025-05,1,0.0,,label_sheet
2568-1060,2568,2025-06,1,0.0,,label_sheet
2568-1060,2568,2025-07,1,0.0,,label_sheet
2568-1060,2568,2025-08,1,1.0,2025-08-31,label_sheet
2568-1061,2568,2025-03,1,0.0,,label_sheet
2568-1061,2568,2025-04,1,0.0,,label_sheet
2568-1061,2568,2025-05,1,0.0,,label_sheet
2568-1061,2568,2025-06,1,0.0,,label_sheet
2568-1061,2568,2025-07,1,0.0,,label_sheet
2568-1061,2568,2025-08,1,0.0,,label_sheet
2568-1061,2568,2025-09,1,,,label_sheet
2568-1062,2568,2025-05,1,0.0,,label_sheet
2568-1062,2568,2025-06,1,0.0,,label_sheet
2568-1062,2568,2025-07,1,0.0,,label_sheet
2568-1062,2568,2025-08,1,0.0,,label_sheet
2568-1062,2568,2025-09,1,,,label_sheet
2568-1063,2568,2025-05,1,0.0,,label_sheet
2568-1063,2568,2025-06,1,0.0,,label_sheet
2568-1063,2568,2025-07,1,0.0,,label_sheet
2568-1063,2568,2025-08,1,0.0,,label_sheet
2568-1063,2568,2025-09,1,,,label_sheet
2568-1064,2568,2025-03,1,1.0,2025-03-31,label_sheet
2568-1065,2568,2025-05,1,0.0,,memory
2568-1065,2568,2025-06,1,0.0,,memory
2568-1065,2568,2025-07,1,1.0,2025-07-31,memory
2568-1066,2568,2025-03,1,0.0,,line
2568-1066,2568,2025-04,1,0.0,,line
2568-1066,2568,2025-05,1,0.0,,line
2568-1066,2568,2025-06,1,1.0,2025-06-30,line
2568-1067,2568,2025-05,1,0.0,,label_sheet
2568-1067,2568,2025-06,1,0.0,,label_sheet
2568-1067,2568,2025-07,1,0.0,,label_sheet
2568-1067,2568,2025-08,1,0.0,,label_sheet
2568-1067,2568,2025-09,1,,,label_sheet
2568-1068,2568,2025-03,1,0.0,,memory
2568-1068,2568,2025-04,1,0.0,,memory
2568-1068,2568,2025-05,1,0.0,,memory
2568-1068,2568,2025-06,1,0.0,,memory
2568-1068,2568,2025-07,1,0.0,,memory
2568-1068,2568,2025-08,1,1.0,2025-08-31,memory
2568-1069,2568,2025-03,1,0.0,,label_sheet
2568-1069,2568,2025-04,1,0.0,,label_sheet
2568-1069,2568,2025-05,1,0.0,,label_sheet
2568-1069,2568,2025-06,1,0.0,,label_sheet
2568-1069,2568,2025-07,1,0.0,,label_sheet
2568-1069,2568,2025-08,1,0.0,,label_sheet
2568-1069,2568,2025-09,1,,,label_sheet
2568-1070,2568,2025-03,1,0.0,,label_sheet
2568-1070,2568,2025-04,1,0.0,,label_sheet
2568-1070,2568,2025-05,1,0.0,,label_sheet
2568-1070,2568,2025-06,1,0.0,,label_sheet
2568-1070,2568,2025-07,1,0.0,,label_sheet
2568-1070,2568,2025-08,1,0.0,,label_sheet
2568-1070,2568,2025-09,1,,,label_sheet
2568-1071,2568,2025-03,1,0.0,,label_sheet
2568-1071,2568,2025-04,1,0.0,,label_sheet
2568-1071,2568,2025-05,1,0.0,,label_sheet
2568-1071,2568,2025-06,1,0.0,,label_sheet
2568-1071,2568,2025-07,1,0.0,,label_sheet
2568-1071,2568,2025-08,1,0.0,,label_sheet
2568-1071,2568,2025-09,1,,,label_sheet
2568-1072,2568,2025-03,1,0.0,,memory
2568-1072,2568,2025-04,1,0.0,,memory
2568-1072,2568,2025-05,1,0.0,,memory
2568-1072,2568,2025-06,1,0.0,,memory
2568-1072,2568,2025-07,1,1.0,2025-07-31,memory
2568-1073,2568,2025-04,1,0.0,,label_sheet
2568-1073,2568,2025-05,1,0.0,,label_sheet
2568-1073,2568,2025-06,1,0.0,,label_sheet
2568-1073,2568,2025-07,1,0.0,,label_sheet
2568-1073,2568,2025-08,1,1.0,2025-08-31,label_sheet
2568-1074,2568,2025-03,1,0.0,,label_sheet
2568-1074,2568,2025-04,1,0.0,,label_sheet
2568-1074,2568,2025-05,1,0.0,,label_sheet
2568-1074,2568,2025-06,1,0.0,,label_sheet
2568-1074,2568,2025-07,1,0.0,,label_sheet
2568-1074,2568,2025-08,1,0.0,,label_sheet
2568-1074,2568,2025-09,1,,,label_sheet
2568-1075,2568,2025-03,1,1.0,2025-03-31,label_sheet
2568-1076,2568,2025-03,1,0.0,,label_sheet
2568-1076,2568,2025-04,1,0.0,,label_sheet
2568-1076,2568,2025-05,1,0.0,,label_sheet
2568-1076,2568,2025-06,1,0.0,,label_sheet
2568-1076,2568,2025-07,1,0.0,,label_sheet
2568-1076,2568,2025-08,1,0.0,,label_sheet
2568-1076,2568,2025-09,1,,,label_sheet
2568-1077,2568,2025-04,1,0.0,,label_sheet
2568-1077,2568,2025-05,1,0.0,,label_sheet
2568-1077,2568,2025-06,1,0.0,,label_sheet
2568-1077,2568,2025-07,1,0.0,,label_sheet
2568-1077,2568,2025-08,1,0.0,,label_sheet
2568-1077,2568,2025-09,1,,,label_sheet
2568-1078,2568,2025-05,1,0.0,,label_sheet
2568-1078,2568,2025-06,1,0.0,,label_sheet
2568-1078,2568,2025-07,1,0.0,,label_sheet
2568-1078,2568,2025-08,1,1.0,2025-08-31,label_sheet
2568-1079,2568,2025-04,1,0.0,,label_sheet
2568-1079,2568,2025-05,1,0.0,,label_sheet
2568-1079,2568,2025-06,1,0.0,,label_sheet
2568-1079,2568,2025-07,1,0.0,,label_sheet
2568-1079,2568,2025-08,1,0.0,,label_sheet
2568-1079,2568,2025-09,1,,,label_sheet
2568-1080,2568,2025-04,1,0.0,,label_sheet
2568-1080,2568,2025-05,1,0.0,,label_sheet
2568-1080,2568,2025-06,1,0.0,,label_sheet
2568-1080,2568,2025-07,1,0.0,,label_sheet
2568-1080,2568,2025-08,1,0.0,,label_sheet
2568-1080,2568,2025-09,1,,,label_sheet
2568-1081,2568,2025-04,1,0.0,,label_sheet
2568-1081,2568,2025-05,1,0.0,,label_sheet
2568-1081,2568,2025-06,1,0.0,,label_sheet
2568-1081,2568,2025-07,1,0.0,,label_sheet
2568-1081,2568,2025-08,1,0.0,,label_sheet
2568-1081,2568,2025-09,1,,,label_sheet
2568-1082,2568,2025-05,1,0.0,,label_sheet
2568-1082,2568,2025-06,1,0.0,,label_sheet
2568-1082,2568,2025-07,1,0.0,,label_sheet
2568-1082,2568,2025-08,1,1.0,2025-08-31,label_sheet
2568-1083,2568,2025-06,1,0.0,,label_sheet
2568-1083,2568,2025-07,1,1.0,2025-07-31,label_sheet
2568-1084,2568,2025-03,1,0.0,,label_sheet
2568-1084,2568,2025-04,1,0.0,,label_sheet
2568-1084,2568,2025-05,1,0.0,,label_sheet
2568-1084,2568,2025-06,1,0.0,,label_sheet
2568-1084,2568,2025-07,1,0.0,,label_sheet
2568-1084,2568,2025-08,1,0.0,,label_sheet
2568-1084,2568,2025-09,1,,,label_sheet
2568-1085,2568,2025-05,1,0.0,,label_sheet
2568-1085,2568,2025-06,1,0.0,,label_sheet
2568-1085,2568,2025-07,1,0.0,,label_sheet
2568-1085,2568,2025-08,1,0.0,,label_sheet
2568-1085,2568,2025-09,1,,,label_sheet
2568-1086,2568,2025-03,1,0.0,,line
2568-1086,2568,2025-04,1,0.0,,line
2568-1086,2568,2025-05,1,0.0,,line
2568-1086,2568,2025-06,1,0.0,,line
2568-1086,2568,2025-07,1,1.0,2025-07-31,line
2568-1087,2568,2025-03,1,0.0,,line
2568-1087,2568,2025-04,1,0.0,,line
2568-1087,2568,2025-05,1,1.0,2025-05-31,line
2568-1088,2568,2025-04,1,0.0,,label_sheet
2568-1088,2568,2025-05,1,0.0,,label_sheet
2568-1088,2568,2025-06,1,0.0,,label_sheet
2568-1088,2568,2025-07,1,0.0,,label_sheet
2568-1088,2568,2025-08,1,0.0,,label_sheet
2568-1088,2568,2025-09,1,,,label_sheet
2568-1089,2568,2025-05,1,0.0,,label_sheet
2568-1089,2568,2025-06,1,1.0,2025-06-30,label_sheet
2568-1090,2568,2025-03,1,1.0,2025-03-31,label_sheet
2568-1091,2568,2025-04,1,0.0,,memory
2568-1091,2568,2025-05,1,0.0,,memory
2568-1091,2568,2025-06,1,0.0,,memory
2568-1091,2568,2025-07,1,0.0,,memory
2568-1091,2568,2025-08,1,1.0,2025-08-31,memory
2568-1092,2568,2025-03,1,1.0,2025-03-31,label_sheet
2568-1093,2568,2025-03,1,0.0,,label_sheet
2568-1093,2568,2025-04,1,0.0,,label_sheet
2568-1093,2568,2025-05,1,0.0,,label_sheet
2568-1093,2568,2025-06,1,0.0,,label_sheet
2568-1093,2568,2025-07,1,0.0,,label_sheet
2568-1093,2568,2025-08,1,0.0,,label_sheet
2568-1093,2568,2025-09,1,,,label_sheet
2568-1094,2568,2025-03,1,0.0,,memory
2568-1094,2568,2025-04,1,0.0,,memory
2568-1094,2568,2025-05,1,0.0,,memory
2568-1094,2568,2025-06,1,0.0,,memory
2568-1094,2568,2025-07,1,1.0,2025-07-31,memory
2568-1095,2568,2025-03,1,0.0,,label_sheet
2568-1095,2568,2025-04,1,0.0,,label_sheet
2568-1095,2568,2025-05,1,0.0,,label_sheet
2568-1095,2568,2025-06,1,0.0,,label_sheet
2568-1095,2568,2025-07,1,0.0,,label_sheet
2568-1095,2568,2025-08,1,0.0,,label_sheet
2568-1095,2568,2025-09,1,,,label_sheet
2568-1096,2568,2025-03,1,0.0,,label_sheet
2568-1096,2568,2025-04,1,0.0,,label_sheet
2568-1096,2568,2025-05,1,0.0,,label_sheet
2568-1096,2568,2025-06,1,0.0,,label_sheet
2568-1096,2568,2025-07,1,0.0,,label_sheet
2568-1096,2568,2025-08,1,0.0,,label_sheet
2568-1096,2568,2025-09,1,,,label_sheet
2568-1097,2568,2025-03,1,0.0,,label_sheet
2568-1097,2568,2025-04,1,0.0,,label_sheet
2568-1097,2568,2025-05,1,0.0,,label_sheet
2568-1097,2568,2025-06,1,0.0,,label_sheet
2568-1097,2568,2025-07,1,0.0,,label_sheet
2568-1097,2568,2025-08,1,0.0,,label_sheet
2568-1097,2568,2025-09,1,,,label_sheet
2568-1098,2568,2025-03,1,0.0,,line
2568-1098,2568,2025-04,1,0.0,,line
2568-1098,2568,2025-05,1,0.0,,line
2568-1098,2568,2025-06,1,1.0,2025-06-30,line
2568-1099,2568,2025-03,1,0.0,,label_sheet
2568-1099,2568,2025-04,1,0.0,,label_sheet
2568-1099,2568,2025-05,1,0.0,,label_sheet
2568-1099,2568,2025-06,1,0.0,,label_sheet
2568-1099,2568,2025-07,1,0.0,,label_sheet
2568-1099,2568,2025-08,1,0.0,,label_sheet
2568-1099,2568,2025-09,1,,,label_sheet
2568-1100,2568,2025-04,1,1.0,2025-04-30,memory
2568-1101,2568,2025-03,1,0.0,,label_sheet
2568-1101,2568,2025-04,1,0.0,,label_sheet
2568-1101,2568,2025-05,1,0.0,,label_sheet
2568-1101,2568,2025-06,1,0.0,,label_sheet
2568-1101,2568,2025-07,1,0.0,,label_sheet
2568-1101,2568,2025-08,1,0.0,,label_sheet
2568-1101,2568,2025-09,1,,,label_sheet
2568-1102,2568,2025-03,1,0.0,,label_sheet
2568-1102,2568,2025-04,1,0.0,,label_sheet
2568-1102,2568,2025-05,1,0.0,,label_sheet
2568-1102,2568,2025-06,1,0.0,,label_sheet
2568-1102,2568,2025-07,1,0.0,,label_sheet
2568-1102,2568,2025-08,1,0.0,,label_sheet
2568-1102,2568,2025-09,1,,,label_sheet
2568-1103,2568,2025-04,1,1.0,2025-04-30,label_sheet
2568-1104,2568,2025-03,1,0.0,,label_sheet
2568-1104,2568,2025-04,1,0.0,,label_sheet
2568-1104,2568,2025-05,1,0.0,,label_sheet
2568-1104,2568,2025-06,1,0.0,,label_sheet
2568-1104,2568,2025-07,1,0.0,,label_sheet
2568-1104,2568,2025-08,1,0.0,,label_sheet
2568-1104,2568,2025-09,1,,,label_sheet
2568-1105,2568,2025-03,1,0.0,,label_sheet
2568-1105,2568,2025-04,1,0.0,,label_sheet
2568-1105,2568,2025-05,1,0.0,,label_sheet
2568-1105,2568,2025-06,1,0.0,,label_sheet
2568-1105,2568,2025-07,1,0.0,,label_sheet
2568-1105,2568,2025-08,1,0.0,,label_sheet
2568-1105,2568,2025-09,1,,,label_sheet
2568-1106,2568,2025-03,1,0.0,,label_sheet
2568-1106,2568,2025-04,1,0.0,,label_sheet
2568-1106,2568,2025-05,1,0.0,,label_sheet
2568-1106,2568,2025-06,1,0.0,,label_sheet
2568-1106,2568,2025-07,1,1.0,2025-07-31,label_sheet
2568-1107,2568,2025-06,1,0.0,,line
2568-1107,2568,2025-07,1,1.0,2025-07-31,line
2568-1108,2568,2025-03,1,0.0,,label_sheet
2568-1108,2568,2025-04,1,0.0,,label_sheet
2568-1108,2568,2025-05,1,0.0,,label_sheet
2568-1108,2568,2025-06,1,0.0,,label_sheet
2568-1108,2568,2025-07,1,0.0,,label_sheet
2568-1108,2568,2025-08,1,0.0,,label_sheet
2568-1108,2568,2025-09,1,,,label_sheet
2568-1109,2568,2025-03,1,0.0,,label_sheet
2568-1109,2568,2025-04,1,0.0,,label_sheet
2568-1109,2568,2025-05,1,0.0,,label_sheet
2568-1109,2568,2025-06,1,0.0,,label_sheet
2568-1109,2568,2025-07,1,0.0,,label_sheet
2568-1109,2568,2025-08,1,0.0,,label_sheet
2568-1109,2568,2025-09,1,,,label_sheet
2568-1110,2568,2025-04,1,0.0,,label_sheet
2568-1110,2568,2025-05,1,0.0,,label_sheet
2568-1110,2568,2025-06,1,0.0,,label_sheet
2568-1110,2568,2025-07,1,0.0,,label_sheet
2568-1110,2568,2025-08,1,0.0,,label_sheet
2568-1110,2568,2025-09,1,,,label_sheet
2568-1111,2568,2025-03,1,0.0,,label_sheet
2568-1111,2568,2025-04,1,0.0,,label_sheet
2568-1111,2568,2025-05,1,0.0,,label_sheet
2568-1111,2568,2025-06,1,0.0,,label_sheet
2568-1111,2568,2025-07,1,0.0,,label_sheet
2568-1111,2568,2025-08,1,0.0,,label_sheet
2568-1111,2568,2025-09,1,,,label_sheet
2568-1112,2568,2025-03,1,0.0,,label_sheet
2568-1112,2568,2025-04,1,0.0,,label_sheet
2568-1112,2568,2025-05,1,0.0,,label_sheet
2568-1112,2568,2025-06,1,0.0,,label_sheet
2568-1112,2568,2025-07,1,0.0,,label_sheet
2568-1112,2568,2025-08,1,1.0,2025-08-31,label_sheet
2568-1113,2568,2025-06,1,0.0,,label_sheet
2568-1113,2568,2025-07,1,0.0,,label_sheet
2568-1113,2568,2025-08,1,0.0,,label_sheet
2568-1113,2568,2025-09,1,,,label_sheet
2568-1114,2568,2025-04,1,0.0,,line
2568-1114,2568,2025-05,1,0.0,,line
2568-1114,2568,2025-06,1,0.0,,line
2568-1114,2568,2025-07,1,0.0,,line
2568-1114,2568,2025-08,1,1.0,2025-08-31,line
2568-1115,2568,2025-06,1,0.0,,label_sheet
2568-1115,2568,2025-07,1,1.0,2025-07-31,label_sheet
2568-1116,2568,2025-05,1,0.0,,label_sheet
2568-1116,2568,2025-06,1,0.0,,label_sheet
2568-1116,2568,2025-07,1,0.0,,label_sheet
2568-1116,2568,2025-08,1,0.0,,label_sheet
2568-1116,2568,2025-09,1,,,label_sheet
2568-1117,2568,2025-03,1,0.0,,label_sheet
2568-1117,2568,2025-04,1,0.0,,label_sheet
2568-1117,2568,2025-05,1,0.0,,label_sheet
2568-1117,2568,2025-06,1,0.0,,label_sheet
2568-1117,2568,2025-07,1,0.0,,label_sheet
2568-1117,2568,2025-08,1,0.0,,label_sheet
2568-1117,2568,2025-09,1,,,label_sheet
2568-1118,2568,2025-03,1,0.0,,label_sheet
2568-1118,2568,2025-04,1,0.0,,label_sheet
2568-1118,2568,2025-05,1,0.0,,label_sheet
2568-1118,2568,2025-06,1,0.0,,label_sheet
2568-1118,2568,2025-07,1,1.0,2025-07-31,label_sheet
2568-1119,2568,2025-04,1,0.0,,label_sheet
2568-1119,2568,2025-05,1,0.0,,label_sheet
2568-1119,2568,2025-06,1,0.0,,label_sheet
2568-1119,2568,2025-07,1,0.0,,label_sheet
2568-1119,2568,2025-08,1,0.0,,label_sheet
2568-1119,2568,2025-09,1,,,label_sheet
2568-1120,2568,2025-06,1,1.0,2025-06-30,label_sheet
2568-1121,2568,2025-04,1,1.0,2025-04-30,line
2568-1122,2568,2025-03,1,0.0,,label_sheet
2568-1122,2568,2025-04,1,0.0,,label_sheet
2568-1122,2568,2025-05,1,0.0,,label_sheet
2568-1122,2568,2025-06,1,0.0,,label_sheet
2568-1122,2568,2025-07,1,0.0,,label_sheet
2568-1122,2568,2025-08,1,0.0,,label_sheet
2568-1122,2568,2025-09,1,,,label_sheet
2568-1123,2568,2025-03,1,0.0,,label_sheet
2568-1123,2568,2025-04,1,0.0,,label_sheet
2568-1123,2568,2025-05,1,0.0,,label_sheet
2568-1123,2568,2025-06,1,0.0,,label_sheet
2568-1123,2568,2025-07,1,0.0,,label_sheet
2568-1123,2568,2025-08,1,0.0,,label_sheet
2568-1123,2568,2025-09,1,,,label_sheet
2568-1124,2568,2025-03,1,0.0,,label_sheet
2568-1124,2568,2025-04,1,0.0,,label_sheet
2568-1124,2568,2025-05,1,0.0,,label_sheet
2568-1124,2568,2025-06,1,0.0,,label_sheet
2568-1124,2568,2025-07,1,0.0,,label_sheet
2568-1124,2568,2025-08,1,0.0,,label_sheet
2568-1124,2568,2025-09,1,,,label_sheet
2568-1125,2568,2025-03,1,0.0,,label_sheet
2568-1125,2568,2025-04,1,0.0,,label_sheet
2568-1125,2568,2025-05,1,0.0,,label_sheet
2568-1125,2568,2025-06,1,0.0,,label_sheet
2568-1125,2568,2025-07,1,0.0,,label_sheet
2568-1125,2568,2025-08,1,0.0,,label_sheet
2568-1125,2568,2025-09,1,,,label_sheet
2568-1126,2568,2025-04,1,0.0,,label_sheet
2568-1126,2568,2025-05,1,0.0,,label_sheet
2568-1126,2568,2025-06,1,1.0,2025-06-30,label_sheet
2568-1127,2568,2025-05,1,0.0,,label_sheet
2568-1127,2568,2025-06,1,0.0,,label_sheet
2568-1127,2568,2025-07,1,0.0,,label_sheet
2568-1127,2568,2025-08,1,0.0,,label_sheet
2568-1127,2568,2025-09,1,,,label_sheet
2568-1128,2568,2025-04,1,0.0,,label_sheet
2568-1128,2568,2025-05,1,0.0,,label_sheet
2568-1128,2568,2025-06,1,0.0,,label_sheet
2568-1128,2568,2025-07,1,0.0,,label_sheet
2568-1128,2568,2025-08,1,0.0,,label_sheet
2568-1128,2568,2025-09,1,,,label_sheet
2568-1129,2568,2025-04,1,0.0,,label_sheet
2568-1129,2568,2025-05,1,0.0,,label_sheet
2568-1129,2568,2025-06,1,0.0,,label_sheet
2568-1129,2568,2025-07,1,0.0,,label_sheet
2568-1129,2568,2025-08,1,0.0,,label_sheet
2568-1129,2568,2025-09,1,,,label_sheet
2568-1130,2568,2025-03,1,0.0,,label_sheet
2568-1130,2568,2025-04,1,0.0,,label_sheet
2568-1130,2568,2025-05,1,0.0,,label_sheet
2568-1130,2568,2025-06,1,0.0,,label_sheet
2568-1130,2568,2025-07,1,0.0,,label_sheet
2568-1130,2568,2025-08,1,0.0,,label_sheet
2568-1130,2568,2025-09,1,,,label_sheet
2568-1131,2568,2025-03,1,0.0,,label_sheet
2568-1131,2568,2025-04,1,0.0,,label_sheet
2568-1131,2568,2025-05,1,0.0,,label_sheet
2568-1131,2568,2025-06,1,0.0,,label_sheet
2568-1131,2568,2025-07,1,0.0,,label_sheet
2568-1131,2568,2025-08,1,0.0,,label_sheet
2568-1131,2568,2025-09,1,,,label_sheet
2568-1132,2568,2025-03,1,0.0,,label_sheet
2568-1132,2568,2025-04,1,0.0,,label_sheet
2568-1132,2568,2025-05,1,0.0,,label_sheet
2568-1132,2568,2025-06,1,0.0,,label_sheet
2568-1132,2568,2025-07,1,0.0,,label_sheet
2568-1132,2568,2025-08,1,0.0,,label_sheet
2568-1132,2568,2025-09,1,,,label_sheet
2568-1133,2568,2025-03,1,0.0,,label_sheet
2568-1133,2568,2025-04,1,0.0,,label_sheet
2568-1133,2568,2025-05,1,0.0,,label_sheet
2568-1133,2568,2025-06,1,0.0,,label_sheet
2568-1133,2568,2025-07,1,0.0,,label_sheet
2568-1133,2568,2025-08,1,0.0,,label_sheet
2568-1133,2568,2025-09,1,,,label_sheet
2568-1134,2568,2025-04,1,0.0,,label_sheet
2568-1134,2568,2025-05,1,0.0,,label_sheet
2568-1134,2568,2025-06,1,1.0,2025-06-30,label_sheet
2568-1135,2568,2025-03,1,0.0,,memory
2568-1135,2568,2025-04,1,1.0,2025-04-30,memory
2568-1136,2568,2025-05,1,0.0,,label_sheet
2568-1136,2568,2025-06,1,0.0,,label_sheet
2568-1136,2568,2025-07,1,0.0,,label_sheet
2568-1136,2568,2025-08,1,0.0,,label_sheet
2568-1136,2568,2025-09,1,,,label_sheet
2568-1137,2568,2025-03,1,0.0,,label_sheet
2568-1137,2568,2025-04,1,0.0,,label_sheet
2568-1137,2568,2025-05,1,0.0,,label_sheet
2568-1137,2568,2025-06,1,0.0,,label_sheet
2568-1137,2568,2025-07,1,0.0,,label_sheet
2568-1137,2568,2025-08,1,0.0,,label_sheet
2568-1137,2568,2025-09,1,,,label_sheet
2568-1138,2568,2025-04,1,0.0,,label_sheet
2568-1138,2568,2025-05,1,0.0,,label_sheet
2568-1138,2568,2025-06,1,0.0,,label_sheet
2568-1138,2568,2025-07,1,0.0,,label_sheet
2568-1138,2568,2025-08,1,0.0,,label_sheet
2568-1138,2568,2025-09,1,,,label_sheet
2568-1139,2568,2025-03,1,0.0,,line
2568-1139,2568,2025-04,1,0.0,,line
2568-1139,2568,2025-05,1,0.0,,line
2568-1139,2568,2025-06,1,0.0,,line
2568-1139,2568,2025-07,1,0.0,,line
2568-1139,2568,2025-08,1,1.0,2025-08-31,line
2568-1140,2568,2025-03,1,0.0,,line
2568-1140,2568,2025-04,1,0.0,,line
2568-1140,2568,2025-05,1,0.0,,line
2568-1140,2568,2025-06,1,0.0,,line
2568-1140,2568,2025-07,1,0.0,,line
2568-1140,2568,2025-08,1,1.0,2025-08-31,line
2568-1141,2568,2025-03,1,0.0,,label_sheet
2568-1141,2568,2025-04,1,0.0,,label_sheet
2568-1141,2568,2025-05,1,0.0,,label_sheet
2568-1141,2568,2025-06,1,0.0,,label_sheet
2568-1141,2568,2025-07,1,0.0,,label_sheet
2568-1141,2568,2025-08,1,0.0,,label_sheet
2568-1141,2568,2025-09,1,,,label_sheet
2568-1142,2568,2025-03,1,0.0,,label_sheet
2568-1142,2568,2025-04,1,0.0,,label_sheet
2568-1142,2568,2025-05,1,0.0,,label_sheet
2568-1142,2568,2025-06,1,0.0,,label_sheet
2568-1142,2568,2025-07,1,0.0,,label_sheet
2568-1142,2568,2025-08,1,0.0,,label_sheet
2568-1142,2568,2025-09,1,,,label_sheet
2568-1143,2568,2025-03,1,0.0,,label_sheet
2568-1143,2568,2025-04,1,0.0,,label_sheet
2568-1143,2568,2025-05,1,0.0,,label_sheet
2568-1143,2568,2025-06,1,0.0,,label_sheet
2568-1143,2568,2025-07,1,0.0,,label_sheet
2568-1143,2568,2025-08,1,0.0,,label_sheet
2568-1143,2568,2025-09,1,,,label_sheet
2568-1144,2568,2025-03,1,0.0,,label_sheet
2568-1144,2568,2025-04,1,1.0,2025-04-30,label_sheet
2568-1145,2568,2025-03,1,0.0,,label_sheet
2568-1145,2568,2025-04,1,0.0,,label_sheet
2568-1145,2568,2025-05,1,0.0,,label_sheet
2568-1145,2568,2025-06,1,0.0,,label_sheet
2568-1145,2568,2025-07,1,0.0,,label_sheet
2568-1145,2568,2025-08,1,0.0,,label_sheet
2568-1145,2568,2025-09,1,,,label_sheet
2568-1146,2568,2025-03,1,0.0,,label_sheet
2568-1146,2568,2025-04,1,0.0,,label_sheet
2568-1146,2568,2025-05,1,0.0,,label_sheet
2568-1146,2568,2025-06,1,0.0,,label_sheet
2568-1146,2568,2025-07,1,0.0,,label_sheet
2568-1146,2568,2025-08,1,0.0,,label_sheet
2568-1146,2568,2025-09,1,,,label_sheet
2568-1147,2568,2025-03,1,0.0,,label_sheet
2568-1147,2568,2025-04,1,1.0,2025-04-30,label_sheet
2568-1148,2568,2025-03,1,0.0,,label_sheet
2568-1148,2568,2025-04,1,0.0,,label_sheet
2568-1148,2568,2025-05,1,0.0,,label_sheet
2568-1148,2568,2025-06,1,0.0,,label_sheet
2568-1148,2568,2025-07,1,0.0,,label_sheet
2568-1148,2568,2025-08,1,0.0,,label_sheet
2568-1148,2568,2025-09,1,,,label_sheet
2568-1149,2568,2025-06,1,0.0,,label_sheet
2568-1149,2568,2025-07,1,1.0,2025-07-31,label_sheet
2568-1150,2568,2025-03,1,0.0,,label_sheet
2568-1150,2568,2025-04,1,0.0,,label_sheet
2568-1150,2568,2025-05,1,0.0,,label_sheet
2568-1150,2568,2025-06,1,0.0,,label_sheet
2568-1150,2568,2025-07,1,0.0,,label_sheet
2568-1150,2568,2025-08,1,0.0,,label_sheet
2568-1150,2568,2025-09,1,,,label_sheet
2568-1151,2568,2025-03,1,0.0,,label_sheet
2568-1151,2568,2025-04,1,0.0,,label_sheet
2568-1151,2568,2025-05,1,0.0,,label_sheet
2568-1151,2568,2025-06,1,0.0,,label_sheet
2568-1151,2568,2025-07,1,0.0,,label_sheet
2568-1151,2568,2025-08,1,0.0,,label_sheet
2568-1151,2568,2025-09,1,,,label_sheet
2568-1152,2568,2025-03,1,0.0,,label_sheet
2568-1152,2568,2025-04,1,0.0,,label_sheet
2568-1152,2568,2025-05,1,0.0,,label_sheet
2568-1152,2568,2025-06,1,0.0,,label_sheet
2568-1152,2568,2025-07,1,0.0,,label_sheet
2568-1152,2568,2025-08,1,0.0,,label_sheet
2568-1152,2568,2025-09,1,,,label_sheet
2568-1153,2568,2025-04,1,0.0,,line
2568-1153,2568,2025-05,1,0.0,,line
2568-1153,2568,2025-06,1,0.0,,line
2568-1153,2568,2025-07,1,1.0,2025-07-31,line
2568-1154,2568,2025-04,1,0.0,,line
2568-1154,2568,2025-05,1,1.0,2025-05-31,line
2568-1155,2568,2025-03,1,0.0,,line
2568-1155,2568,2025-04,1,0.0,,line
2568-1155,2568,2025-05,1,1.0,2025-05-31,line
2568-1156,2568,2025-03,1,0.0,,label_sheet
2568-1156,2568,2025-04,1,0.0,,label_sheet
2568-1156,2568,2025-05,1,0.0,,label_sheet
2568-1156,2568,2025-06,1,0.0,,label_sheet
2568-1156,2568,2025-07,1,0.0,,label_sheet
2568-1156,2568,2025-08,1,0.0,,label_sheet
2568-1156,2568,2025-09,1,,,label_sheet
2568-1157,2568,2025-03,1,0.0,,label_sheet
2568-1157,2568,2025-04,1,0.0,,label_sheet
2568-1157,2568,2025-05,1,0.0,,label_sheet
2568-1157,2568,2025-06,1,0.0,,label_sheet
2568-1157,2568,2025-07,1,0.0,,label_sheet
2568-1157,2568,2025-08,1,0.0,,label_sheet
2568-1157,2568,2025-09,1,,,label_sheet
2568-1158,2568,2025-03,1,0.0,,label_sheet
2568-1158,2568,2025-04,1,0.0,,label_sheet
2568-1158,2568,2025-05,1,0.0,,label_sheet
2568-1158,2568,2025-06,1,0.0,,label_sheet
2568-1158,2568,2025-07,1,0.0,,label_sheet
2568-1158,2568,2025-08,1,0.0,,label_sheet
2568-1158,2568,2025-09,1,,,label_sheet
2568-1159,2568,2025-04,1,0.0,,label_sheet
2568-1159,2568,2025-05,1,0.0,,label_sheet
2568-1159,2568,2025-06,1,0.0,,label_sheet
2568-1159,2568,2025-07,1,0.0,,label_sheet
2568-1159,2568,2025-08,1,0.0,,label_sheet
2568-1159,2568,2025-09,1,,,label_sheet
2568-1160,2568,2025-04,1,0.0,,label_sheet
2568-1160,2568,2025-05,1,0.0,,label_sheet
2568-1160,2568,2025-06,1,0.0,,label_sheet
2568-1160,2568,2025-07,1,0.0,,label_sheet
2568-1160,2568,2025-08,1,0.0,,label_sheet
2568-1160,2568,2025-09,1,,,label_sheet
uuid-2569-2001,2569,2026-03,1,0.0,,label_sheet
uuid-2569-2001,2569,2026-04,1,0.0,,label_sheet
uuid-2569-2001,2569,2026-05,1,0.0,,label_sheet
uuid-2569-2001,2569,2026-06,1,0.0,,label_sheet
uuid-2569-2001,2569,2026-07,1,0.0,,label_sheet
uuid-2569-2001,2569,2026-08,1,,,label_sheet
uuid-2569-2001,2569,2026-09,1,,,label_sheet
uuid-2569-2002,2569,2026-03,1,0.0,,line
uuid-2569-2002,2569,2026-04,1,0.0,,line
uuid-2569-2002,2569,2026-05,1,0.0,,line
uuid-2569-2002,2569,2026-06,1,1.0,2026-06-30,line
uuid-2569-2003,2569,2026-03,1,0.0,,label_sheet
uuid-2569-2003,2569,2026-04,1,0.0,,label_sheet
uuid-2569-2003,2569,2026-05,1,0.0,,label_sheet
uuid-2569-2003,2569,2026-06,1,0.0,,label_sheet
uuid-2569-2003,2569,2026-07,1,0.0,,label_sheet
uuid-2569-2003,2569,2026-08,1,,,label_sheet
uuid-2569-2003,2569,2026-09,1,,,label_sheet
uuid-2569-2004,2569,2026-03,1,0.0,,label_sheet
uuid-2569-2004,2569,2026-04,1,0.0,,label_sheet
uuid-2569-2004,2569,2026-05,1,0.0,,label_sheet
uuid-2569-2004,2569,2026-06,1,0.0,,label_sheet
uuid-2569-2004,2569,2026-07,1,0.0,,label_sheet
uuid-2569-2004,2569,2026-08,1,,,label_sheet
uuid-2569-2004,2569,2026-09,1,,,label_sheet
uuid-2569-2005,2569,2026-04,1,0.0,,label_sheet
uuid-2569-2005,2569,2026-05,1,0.0,,label_sheet
uuid-2569-2005,2569,2026-06,1,0.0,,label_sheet
uuid-2569-2005,2569,2026-07,1,0.0,,label_sheet
uuid-2569-2005,2569,2026-08,1,,,label_sheet
uuid-2569-2005,2569,2026-09,1,,,label_sheet
uuid-2569-2006,2569,2026-03,1,0.0,,label_sheet
uuid-2569-2006,2569,2026-04,1,0.0,,label_sheet
uuid-2569-2006,2569,2026-05,1,0.0,,label_sheet
uuid-2569-2006,2569,2026-06,1,0.0,,label_sheet
uuid-2569-2006,2569,2026-07,1,0.0,,label_sheet
uuid-2569-2006,2569,2026-08,1,,,label_sheet
uuid-2569-2006,2569,2026-09,1,,,label_sheet
uuid-2569-2007,2569,2026-04,1,0.0,,label_sheet
uuid-2569-2007,2569,2026-05,1,0.0,,label_sheet
uuid-2569-2007,2569,2026-06,1,0.0,,label_sheet
uuid-2569-2007,2569,2026-07,1,0.0,,label_sheet
uuid-2569-2007,2569,2026-08,1,,,label_sheet
uuid-2569-2007,2569,2026-09,1,,,label_sheet
uuid-2569-2008,2569,2026-04,1,0.0,,label_sheet
uuid-2569-2008,2569,2026-05,1,0.0,,label_sheet
uuid-2569-2008,2569,2026-06,1,0.0,,label_sheet
uuid-2569-2008,2569,2026-07,1,0.0,,label_sheet
uuid-2569-2008,2569,2026-08,1,,,label_sheet
uuid-2569-2008,2569,2026-09,1,,,label_sheet
uuid-2569-2009,2569,2026-03,1,0.0,,label_sheet
uuid-2569-2009,2569,2026-04,1,0.0,,label_sheet
uuid-2569-2009,2569,2026-05,1,1.0,2026-05-31,label_sheet
uuid-2569-2010,2569,2026-03,1,0.0,,label_sheet
uuid-2569-2010,2569,2026-04,1,0.0,,label_sheet
uuid-2569-2010,2569,2026-05,1,0.0,,label_sheet
uuid-2569-2010,2569,2026-06,1,0.0,,label_sheet
uuid-2569-2010,2569,2026-07,1,0.0,,label_sheet
uuid-2569-2010,2569,2026-08,1,,,label_sheet
uuid-2569-2010,2569,2026-09,1,,,label_sheet
uuid-2569-2011,2569,2026-03,1,0.0,,label_sheet
uuid-2569-2011,2569,2026-04,1,1.0,2026-04-30,label_sheet
uuid-2569-2012,2569,2026-04,1,0.0,,label_sheet
uuid-2569-2012,2569,2026-05,1,0.0,,label_sheet
uuid-2569-2012,2569,2026-06,1,0.0,,label_sheet
uuid-2569-2012,2569,2026-07,1,0.0,,label_sheet
uuid-2569-2012,2569,2026-08,1,,,label_sheet
uuid-2569-2012,2569,2026-09,1,,,label_sheet
uuid-2569-2013,2569,2026-03,1,1.0,2026-03-31,label_sheet
uuid-2569-2014,2569,2026-03,1,0.0,,line
uuid-2569-2014,2569,2026-04,1,0.0,,line
uuid-2569-2014,2569,2026-05,1,0.0,,line
uuid-2569-2014,2569,2026-06,1,0.0,,line
uuid-2569-2014,2569,2026-07,1,1.0,2026-07-31,line
uuid-2569-2015,2569,2026-03,1,0.0,,label_sheet
uuid-2569-2015,2569,2026-04,1,1.0,2026-04-30,label_sheet
uuid-2569-2016,2569,2026-03,1,0.0,,label_sheet
uuid-2569-2016,2569,2026-04,1,0.0,,label_sheet
uuid-2569-2016,2569,2026-05,1,0.0,,label_sheet
uuid-2569-2016,2569,2026-06,1,0.0,,label_sheet
uuid-2569-2016,2569,2026-07,1,0.0,,label_sheet
uuid-2569-2016,2569,2026-08,1,,,label_sheet
uuid-2569-2016,2569,2026-09,1,,,label_sheet
uuid-2569-2017,2569,2026-03,1,0.0,,line
uuid-2569-2017,2569,2026-04,1,1.0,2026-04-30,line
uuid-2569-2018,2569,2026-03,1,0.0,,label_sheet
uuid-2569-2018,2569,2026-04,1,1.0,2026-04-30,label_sheet
uuid-2569-2019,2569,2026-03,1,1.0,2026-03-31,label_sheet
uuid-2569-2020,2569,2026-03,1,0.0,,label_sheet
uuid-2569-2020,2569,2026-04,1,0.0,,label_sheet
uuid-2569-2020,2569,2026-05,1,0.0,,label_sheet
uuid-2569-2020,2569,2026-06,1,0.0,,label_sheet
uuid-2569-2020,2569,2026-07,1,0.0,,label_sheet
uuid-2569-2020,2569,2026-08,1,,,label_sheet
uuid-2569-2020,2569,2026-09,1,,,label_sheet
uuid-2569-2021,2569,2026-03,1,0.0,,label_sheet
uuid-2569-2021,2569,2026-04,1,0.0,,label_sheet
uuid-2569-2021,2569,2026-05,1,0.0,,label_sheet
uuid-2569-2021,2569,2026-06,1,0.0,,label_sheet
uuid-2569-2021,2569,2026-07,1,0.0,,label_sheet
uuid-2569-2021,2569,2026-08,1,,,label_sheet
uuid-2569-2021,2569,2026-09,1,,,label_sheet
uuid-2569-2022,2569,2026-03,1,1.0,2026-03-31,label_sheet
uuid-2569-2023,2569,2026-03,1,0.0,,label_sheet
uuid-2569-2023,2569,2026-04,1,0.0,,label_sheet
uuid-2569-2023,2569,2026-05,1,0.0,,label_sheet
uuid-2569-2023,2569,2026-06,1,0.0,,label_sheet
uuid-2569-2023,2569,2026-07,1,0.0,,label_sheet
uuid-2569-2023,2569,2026-08,1,,,label_sheet
uuid-2569-2023,2569,2026-09,1,,,label_sheet
uuid-2569-2024,2569,2026-03,1,0.0,,label_sheet
uuid-2569-2024,2569,2026-04,1,0.0,,label_sheet
uuid-2569-2024,2569,2026-05,1,0.0,,label_sheet
uuid-2569-2024,2569,2026-06,1,0.0,,label_sheet
uuid-2569-2024,2569,2026-07,1,0.0,,label_sheet
uuid-2569-2024,2569,2026-08,1,,,label_sheet
uuid-2569-2024,2569,2026-09,1,,,label_sheet
uuid-2569-2025,2569,2026-03,1,0.0,,label_sheet
uuid-2569-2025,2569,2026-04,1,1.0,2026-04-30,label_sheet
uuid-2569-2026,2569,2026-03,1,0.0,,label_sheet
uuid-2569-2026,2569,2026-04,1,0.0,,label_sheet
uuid-2569-2026,2569,2026-05,1,0.0,,label_sheet
uuid-2569-2026,2569,2026-06,1,0.0,,label_sheet
uuid-2569-2026,2569,2026-07,1,0.0,,label_sheet
uuid-2569-2026,2569,2026-08,1,,,label_sheet
uuid-2569-2026,2569,2026-09,1,,,label_sheet
uuid-2569-2027,2569,2026-06,1,0.0,,label_sheet
uuid-2569-2027,2569,2026-07,1,0.0,,label_sheet
uuid-2569-2027,2569,2026-08,1,,,label_sheet
uuid-2569-2027,2569,2026-09,1,,,label_sheet
uuid-2569-2028,2569,2026-03,1,1.0,2026-03-31,label_sheet
uuid-2569-2029,2569,2026-03,1,0.0,,memory
uuid-2569-2029,2569,2026-04,1,0.0,,memory
uuid-2569-2029,2569,2026-05,1,0.0,,memory
uuid-2569-2029,2569,2026-06,1,0.0,,memory
uuid-2569-2029,2569,2026-07,1,0.0,,memory
uuid-2569-2029,2569,2026-08,1,,2026-08-31,memory
uuid-2569-2030,2569,2026-04,1,0.0,,label_sheet
uuid-2569-2030,2569,2026-05,1,0.0,,label_sheet
uuid-2569-2030,2569,2026-06,1,0.0,,label_sheet
uuid-2569-2030,2569,2026-07,1,0.0,,label_sheet
uuid-2569-2030,2569,2026-08,1,,,label_sheet
uuid-2569-2030,2569,2026-09,1,,,label_sheet
uuid-2569-2031,2569,2026-03,1,0.0,,label_sheet
uuid-2569-2031,2569,2026-04,1,0.0,,label_sheet
uuid-2569-2031,2569,2026-05,1,0.0,,label_sheet
uuid-2569-2031,2569,2026-06,1,0.0,,label_sheet
uuid-2569-2031,2569,2026-07,1,0.0,,label_sheet
uuid-2569-2031,2569,2026-08,1,,,label_sheet
uuid-2569-2031,2569,2026-09,1,,,label_sheet
uuid-2569-2032,2569,2026-04,1,0.0,,label_sheet
uuid-2569-2032,2569,2026-05,1,0.0,,label_sheet
uuid-2569-2032,2569,2026-06,1,0.0,,label_sheet
uuid-2569-2032,2569,2026-07,1,0.0,,label_sheet
uuid-2569-2032,2569,2026-08,1,,,label_sheet
uuid-2569-2032,2569,2026-09,1,,,label_sheet
uuid-2569-2033,2569,2026-03,1,0.0,,label_sheet
uuid-2569-2033,2569,2026-04,1,0.0,,label_sheet
uuid-2569-2033,2569,2026-05,1,0.0,,label_sheet
uuid-2569-2033,2569,2026-06,1,0.0,,label_sheet
uuid-2569-2033,2569,2026-07,1,0.0,,label_sheet
uuid-2569-2033,2569,2026-08,1,,,label_sheet
uuid-2569-2033,2569,2026-09,1,,,label_sheet
uuid-2569-2034,2569,2026-04,1,0.0,,memory
uuid-2569-2034,2569,2026-05,1,0.0,,memory
uuid-2569-2034,2569,2026-06,1,0.0,,memory
uuid-2569-2034,2569,2026-07,1,1.0,2026-07-31,memory
uuid-2569-2035,2569,2026-04,1,0.0,,label_sheet
uuid-2569-2035,2569,2026-05,1,0.0,,label_sheet
uuid-2569-2035,2569,2026-06,1,0.0,,label_sheet
uuid-2569-2035,2569,2026-07,1,0.0,,label_sheet
uuid-2569-2035,2569,2026-08,1,,,label_sheet
uuid-2569-2035,2569,2026-09,1,,,label_sheet
uuid-2569-2036,2569,2026-03,1,0.0,,label_sheet
uuid-2569-2036,2569,2026-04,1,0.0,,label_sheet
uuid-2569-2036,2569,2026-05,1,0.0,,label_sheet
uuid-2569-2036,2569,2026-06,1,0.0,,label_sheet
uuid-2569-2036,2569,2026-07,1,0.0,,label_sheet
uuid-2569-2036,2569,2026-08,1,,,label_sheet
uuid-2569-2036,2569,2026-09,1,,,label_sheet
uuid-2569-2037,2569,2026-03,1,0.0,,label_sheet
uuid-2569-2037,2569,2026-04,1,0.0,,label_sheet
uuid-2569-2037,2569,2026-05,1,0.0,,label_sheet
uuid-2569-2037,2569,2026-06,1,0.0,,label_sheet
uuid-2569-2037,2569,2026-07,1,0.0,,label_sheet
uuid-2569-2037,2569,2026-08,1,,,label_sheet
uuid-2569-2037,2569,2026-09,1,,,label_sheet
uuid-2569-2038,2569,2026-03,1,0.0,,label_sheet
uuid-2569-2038,2569,2026-04,1,0.0,,label_sheet
uuid-2569-2038,2569,2026-05,1,0.0,,label_sheet
uuid-2569-2038,2569,2026-06,1,0.0,,label_sheet
uuid-2569-2038,2569,2026-07,1,0.0,,label_sheet
uuid-2569-2038,2569,2026-08,1,,,label_sheet
uuid-2569-2038,2569,2026-09,1,,,label_sheet
uuid-2569-2039,2569,2026-03,1,0.0,,line
uuid-2569-2039,2569,2026-04,1,1.0,2026-04-30,line
uuid-2569-2040,2569,2026-06,1,0.0,,label_sheet
uuid-2569-2040,2569,2026-07,1,0.0,,label_sheet
uuid-2569-2040,2569,2026-08,1,,2026-08-31,label_sheet
uuid-2569-2041,2569,2026-03,1,0.0,,label_sheet
uuid-2569-2041,2569,2026-04,1,0.0,,label_sheet
uuid-2569-2041,2569,2026-05,1,0.0,,label_sheet
uuid-2569-2041,2569,2026-06,1,0.0,,label_sheet
uuid-2569-2041,2569,2026-07,1,0.0,,label_sheet
uuid-2569-2041,2569,2026-08,1,,,label_sheet
uuid-2569-2041,2569,2026-09,1,,,label_sheet
uuid-2569-2042,2569,2026-04,1,0.0,,line
uuid-2569-2042,2569,2026-05,1,0.0,,line
uuid-2569-2042,2569,2026-06,1,0.0,,line
uuid-2569-2042,2569,2026-07,1,0.0,,line
uuid-2569-2042,2569,2026-08,1,,2026-08-31,line
uuid-2569-2043,2569,2026-04,1,0.0,,memory
uuid-2569-2043,2569,2026-05,1,1.0,2026-05-31,memory
uuid-2569-2044,2569,2026-03,1,0.0,,label_sheet
uuid-2569-2044,2569,2026-04,1,0.0,,label_sheet
uuid-2569-2044,2569,2026-05,1,0.0,,label_sheet
uuid-2569-2044,2569,2026-06,1,0.0,,label_sheet
uuid-2569-2044,2569,2026-07,1,0.0,,label_sheet
uuid-2569-2044,2569,2026-08,1,,,label_sheet
uuid-2569-2044,2569,2026-09,1,,,label_sheet
uuid-2569-2045,2569,2026-04,1,0.0,,label_sheet
uuid-2569-2045,2569,2026-05,1,0.0,,label_sheet
uuid-2569-2045,2569,2026-06,1,0.0,,label_sheet
uuid-2569-2045,2569,2026-07,1,0.0,,label_sheet
uuid-2569-2045,2569,2026-08,1,,,label_sheet
uuid-2569-2045,2569,2026-09,1,,,label_sheet
uuid-2569-2046,2569,2026-04,1,0.0,,label_sheet
uuid-2569-2046,2569,2026-05,1,1.0,2026-05-31,label_sheet
uuid-2569-2047,2569,2026-03,1,0.0,,label_sheet
uuid-2569-2047,2569,2026-04,1,0.0,,label_sheet
uuid-2569-2047,2569,2026-05,1,0.0,,label_sheet
uuid-2569-2047,2569,2026-06,1,0.0,,label_sheet
uuid-2569-2047,2569,2026-07,1,0.0,,label_sheet
uuid-2569-2047,2569,2026-08,1,,,label_sheet
uuid-2569-2047,2569,2026-09,1,,,label_sheet
uuid-2569-2048,2569,2026-03,1,0.0,,label_sheet
uuid-2569-2048,2569,2026-04,1,0.0,,label_sheet
uuid-2569-2048,2569,2026-05,1,0.0,,label_sheet
uuid-2569-2048,2569,2026-06,1,0.0,,label_sheet
uuid-2569-2048,2569,2026-07,1,0.0,,label_sheet
uuid-2569-2048,2569,2026-08,1,,,label_sheet
uuid-2569-2048,2569,2026-09,1,,,label_sheet
uuid-2569-2049,2569,2026-03,1,0.0,,line
uuid-2569-2049,2569,2026-04,1,1.0,2026-04-30,line
uuid-2569-2050,2569,2026-04,1,0.0,,label_sheet
uuid-2569-2050,2569,2026-05,1,0.0,,label_sheet
uuid-2569-2050,2569,2026-06,1,0.0,,label_sheet
uuid-2569-2050,2569,2026-07,1,0.0,,label_sheet
uuid-2569-2050,2569,2026-08,1,,,label_sheet
uuid-2569-2050,2569,2026-09,1,,,label_sheet
uuid-2569-2051,2569,2026-05,1,0.0,,label_sheet
uuid-2569-2051,2569,2026-06,1,0.0,,label_sheet
uuid-2569-2051,2569,2026-07,1,0.0,,label_sheet
uuid-2569-2051,2569,2026-08,1,,,label_sheet
uuid-2569-2051,2569,2026-09,1,,,label_sheet
uuid-2569-2052,2569,2026-04,1,1.0,2026-04-30,label_sheet
uuid-2569-2053,2569,2026-03,1,0.0,,label_sheet
uuid-2569-2053,2569,2026-04,1,0.0,,label_sheet
uuid-2569-2053,2569,2026-05,1,0.0,,label_sheet
uuid-2569-2053,2569,2026-06,1,0.0,,label_sheet
uuid-2569-2053,2569,2026-07,1,0.0,,label_sheet
uuid-2569-2053,2569,2026-08,1,,,label_sheet
uuid-2569-2053,2569,2026-09,1,,,label_sheet
uuid-2569-2054,2569,2026-03,1,0.0,,line
uuid-2569-2054,2569,2026-04,1,0.0,,line
uuid-2569-2054,2569,2026-05,1,0.0,,line
uuid-2569-2054,2569,2026-06,1,0.0,,line
uuid-2569-2054,2569,2026-07,1,0.0,,line
uuid-2569-2054,2569,2026-08,1,,2026-08-31,line
uuid-2569-2055,2569,2026-03,1,0.0,,label_sheet
uuid-2569-2055,2569,2026-04,1,0.0,,label_sheet
uuid-2569-2055,2569,2026-05,1,1.0,2026-05-31,label_sheet
uuid-2569-2056,2569,2026-06,1,0.0,,label_sheet
uuid-2569-2056,2569,2026-07,1,0.0,,label_sheet
uuid-2569-2056,2569,2026-08,1,,,label_sheet
uuid-2569-2056,2569,2026-09,1,,,label_sheet
uuid-2569-2057,2569,2026-05,1,1.0,2026-05-31,line
uuid-2569-2058,2569,2026-04,1,0.0,,line
uuid-2569-2058,2569,2026-05,1,1.0,2026-05-31,line
uuid-2569-2059,2569,2026-03,1,0.0,,label_sheet
uuid-2569-2059,2569,2026-04,1,0.0,,label_sheet
uuid-2569-2059,2569,2026-05,1,0.0,,label_sheet
uuid-2569-2059,2569,2026-06,1,0.0,,label_sheet
uuid-2569-2059,2569,2026-07,1,0.0,,label_sheet
uuid-2569-2059,2569,2026-08,1,,,label_sheet
uuid-2569-2059,2569,2026-09,1,,,label_sheet
uuid-2569-2060,2569,2026-03,1,0.0,,label_sheet
uuid-2569-2060,2569,2026-04,1,0.0,,label_sheet
uuid-2569-2060,2569,2026-05,1,0.0,,label_sheet
uuid-2569-2060,2569,2026-06,1,0.0,,label_sheet
uuid-2569-2060,2569,2026-07,1,0.0,,label_sheet
uuid-2569-2060,2569,2026-08,1,,,label_sheet
uuid-2569-2060,2569,2026-09,1,,,label_sheet
uuid-2569-2061,2569,2026-03,1,1.0,2026-03-31,label_sheet
uuid-2569-2062,2569,2026-03,1,0.0,,label_sheet
uuid-2569-2062,2569,2026-04,1,0.0,,label_sheet
uuid-2569-2062,2569,2026-05,1,0.0,,label_sheet
uuid-2569-2062,2569,2026-06,1,0.0,,label_sheet
uuid-2569-2062,2569,2026-07,1,0.0,,label_sheet
uuid-2569-2062,2569,2026-08,1,,,label_sheet
uuid-2569-2062,2569,2026-09,1,,,label_sheet
uuid-2569-2063,2569,2026-03,1,0.0,,label_sheet
uuid-2569-2063,2569,2026-04,1,0.0,,label_sheet
uuid-2569-2063,2569,2026-05,1,0.0,,label_sheet
uuid-2569-2063,2569,2026-06,1,0.0,,label_sheet
uuid-2569-2063,2569,2026-07,1,0.0,,label_sheet
uuid-2569-2063,2569,2026-08,1,,,label_sheet
uuid-2569-2063,2569,2026-09,1,,,label_sheet
uuid-2569-2064,2569,2026-04,1,0.0,,label_sheet
uuid-2569-2064,2569,2026-05,1,0.0,,label_sheet
uuid-2569-2064,2569,2026-06,1,0.0,,label_sheet
uuid-2569-2064,2569,2026-07,1,0.0,,label_sheet
uuid-2569-2064,2569,2026-08,1,,,label_sheet
uuid-2569-2064,2569,2026-09,1,,,label_sheet
uuid-2569-2065,2569,2026-03,1,0.0,,line
uuid-2569-2065,2569,2026-04,1,0.0,,line
uuid-2569-2065,2569,2026-05,1,0.0,,line
uuid-2569-2065,2569,2026-06,1,0.0,,line
uuid-2569-2065,2569,2026-07,1,1.0,2026-07-31,line
uuid-2569-2066,2569,2026-05,1,0.0,,label_sheet
uuid-2569-2066,2569,2026-06,1,0.0,,label_sheet
uuid-2569-2066,2569,2026-07,1,0.0,,label_sheet
uuid-2569-2066,2569,2026-08,1,,2026-08-31,label_sheet
uuid-2569-2067,2569,2026-03,1,0.0,,label_sheet
uuid-2569-2067,2569,2026-04,1,0.0,,label_sheet
uuid-2569-2067,2569,2026-05,1,0.0,,label_sheet
uuid-2569-2067,2569,2026-06,1,0.0,,label_sheet
uuid-2569-2067,2569,2026-07,1,0.0,,label_sheet
uuid-2569-2067,2569,2026-08,1,,,label_sheet
uuid-2569-2067,2569,2026-09,1,,,label_sheet
uuid-2569-2068,2569,2026-03,1,0.0,,label_sheet
uuid-2569-2068,2569,2026-04,1,0.0,,label_sheet
uuid-2569-2068,2569,2026-05,1,0.0,,label_sheet
uuid-2569-2068,2569,2026-06,1,0.0,,label_sheet
uuid-2569-2068,2569,2026-07,1,0.0,,label_sheet
uuid-2569-2068,2569,2026-08,1,,2026-08-31,label_sheet
uuid-2569-2069,2569,2026-05,1,0.0,,line
uuid-2569-2069,2569,2026-06,1,1.0,2026-06-30,line
uuid-2569-2070,2569,2026-03,1,0.0,,label_sheet
uuid-2569-2070,2569,2026-04,1,0.0,,label_sheet
uuid-2569-2070,2569,2026-05,1,0.0,,label_sheet
uuid-2569-2070,2569,2026-06,1,0.0,,label_sheet
uuid-2569-2070,2569,2026-07,1,0.0,,label_sheet
uuid-2569-2070,2569,2026-08,1,,,label_sheet
uuid-2569-2070,2569,2026-09,1,,,label_sheet
uuid-2569-2071,2569,2026-03,1,0.0,,label_sheet
uuid-2569-2071,2569,2026-04,1,1.0,2026-04-30,label_sheet
uuid-2569-2072,2569,2026-03,1,0.0,,label_sheet
uuid-2569-2072,2569,2026-04,1,0.0,,label_sheet
uuid-2569-2072,2569,2026-05,1,0.0,,label_sheet
uuid-2569-2072,2569,2026-06,1,0.0,,label_sheet
uuid-2569-2072,2569,2026-07,1,0.0,,label_sheet
uuid-2569-2072,2569,2026-08,1,,,label_sheet
uuid-2569-2072,2569,2026-09,1,,,label_sheet
uuid-2569-2073,2569,2026-04,1,0.0,,label_sheet
uuid-2569-2073,2569,2026-05,1,1.0,2026-05-31,label_sheet
uuid-2569-2074,2569,2026-03,1,0.0,,label_sheet
uuid-2569-2074,2569,2026-04,1,0.0,,label_sheet
uuid-2569-2074,2569,2026-05,1,0.0,,label_sheet
uuid-2569-2074,2569,2026-06,1,0.0,,label_sheet
uuid-2569-2074,2569,2026-07,1,0.0,,label_sheet
uuid-2569-2074,2569,2026-08,1,,,label_sheet
uuid-2569-2074,2569,2026-09,1,,,label_sheet
uuid-2569-2075,2569,2026-03,1,0.0,,label_sheet
uuid-2569-2075,2569,2026-04,1,0.0,,label_sheet
uuid-2569-2075,2569,2026-05,1,0.0,,label_sheet
uuid-2569-2075,2569,2026-06,1,0.0,,label_sheet
uuid-2569-2075,2569,2026-07,1,0.0,,label_sheet
uuid-2569-2075,2569,2026-08,1,,,label_sheet
uuid-2569-2075,2569,2026-09,1,,,label_sheet
uuid-2569-2076,2569,2026-03,1,0.0,,label_sheet
uuid-2569-2076,2569,2026-04,1,0.0,,label_sheet
uuid-2569-2076,2569,2026-05,1,0.0,,label_sheet
uuid-2569-2076,2569,2026-06,1,0.0,,label_sheet
uuid-2569-2076,2569,2026-07,1,0.0,,label_sheet
uuid-2569-2076,2569,2026-08,1,,,label_sheet
uuid-2569-2076,2569,2026-09,1,,,label_sheet
uuid-2569-2077,2569,2026-03,1,0.0,,label_sheet
uuid-2569-2077,2569,2026-04,1,0.0,,label_sheet
uuid-2569-2077,2569,2026-05,1,0.0,,label_sheet
uuid-2569-2077,2569,2026-06,1,0.0,,label_sheet
uuid-2569-2077,2569,2026-07,1,0.0,,label_sheet
uuid-2569-2077,2569,2026-08,1,,,label_sheet
uuid-2569-2077,2569,2026-09,1,,,label_sheet
uuid-2569-2078,2569,2026-03,1,0.0,,label_sheet
uuid-2569-2078,2569,2026-04,1,0.0,,label_sheet
uuid-2569-2078,2569,2026-05,1,0.0,,label_sheet
uuid-2569-2078,2569,2026-06,1,0.0,,label_sheet
uuid-2569-2078,2569,2026-07,1,0.0,,label_sheet
uuid-2569-2078,2569,2026-08,1,,,label_sheet
uuid-2569-2078,2569,2026-09,1,,,label_sheet
uuid-2569-2079,2569,2026-03,1,0.0,,label_sheet
uuid-2569-2079,2569,2026-04,1,0.0,,label_sheet
uuid-2569-2079,2569,2026-05,1,0.0,,label_sheet
uuid-2569-2079,2569,2026-06,1,0.0,,label_sheet
uuid-2569-2079,2569,2026-07,1,0.0,,label_sheet
uuid-2569-2079,2569,2026-08,1,,,label_sheet
uuid-2569-2079,2569,2026-09,1,,,label_sheet
uuid-2569-2080,2569,2026-03,1,0.0,,label_sheet
uuid-2569-2080,2569,2026-04,1,0.0,,label_sheet
uuid-2569-2080,2569,2026-05,1,0.0,,label_sheet
uuid-2569-2080,2569,2026-06,1,0.0,,label_sheet
uuid-2569-2080,2569,2026-07,1,0.0,,label_sheet
uuid-2569-2080,2569,2026-08,1,,,label_sheet
uuid-2569-2080,2569,2026-09,1,,,label_sheet
uuid-2569-2081,2569,2026-03,1,0.0,,label_sheet
uuid-2569-2081,2569,2026-04,1,0.0,,label_sheet
uuid-2569-2081,2569,2026-05,1,0.0,,label_sheet
uuid-2569-2081,2569,2026-06,1,0.0,,label_sheet
uuid-2569-2081,2569,2026-07,1,0.0,,label_sheet
uuid-2569-2081,2569,2026-08,1,,,label_sheet
uuid-2569-2081,2569,2026-09,1,,,label_sheet
uuid-2569-2082,2569,2026-03,1,0.0,,line
uuid-2569-2082,2569,2026-04,1,0.0,,line
uuid-2569-2082,2569,2026-05,1,0.0,,line
uuid-2569-2082,2569,2026-06,1,0.0,,line
uuid-2569-2082,2569,2026-07,1,1.0,2026-07-31,line
uuid-2569-2083,2569,2026-03,1,0.0,,line
uuid-2569-2083,2569,2026-04,1,0.0,,line
uuid-2569-2083,2569,2026-05,1,1.0,2026-05-31,line
uuid-2569-2084,2569,2026-03,1,0.0,,label_sheet
uuid-2569-2084,2569,2026-04,1,0.0,,label_sheet
uuid-2569-2084,2569,2026-05,1,0.0,,label_sheet
uuid-2569-2084,2569,2026-06,1,0.0,,label_sheet
uuid-2569-2084,2569,2026-07,1,0.0,,label_sheet
uuid-2569-2084,2569,2026-08,1,,,label_sheet
uuid-2569-2084,2569,2026-09,1,,,label_sheet
uuid-2569-2085,2569,2026-03,1,0.0,,label_sheet
uuid-2569-2085,2569,2026-04,1,0.0,,label_sheet
uuid-2569-2085,2569,2026-05,1,0.0,,label_sheet
uuid-2569-2085,2569,2026-06,1,0.0,,label_sheet
uuid-2569-2085,2569,2026-07,1,0.0,,label_sheet
uuid-2569-2085,2569,2026-08,1,,,label_sheet
uuid-2569-2085,2569,2026-09,1,,,label_sheet
uuid-2569-2086,2569,2026-03,1,0.0,,label_sheet
uuid-2569-2086,2569,2026-04,1,0.0,,label_sheet
uuid-2569-2086,2569,2026-05,1,0.0,,label_sheet
uuid-2569-2086,2569,2026-06,1,0.0,,label_sheet
uuid-2569-2086,2569,2026-07,1,0.0,,label_sheet
uuid-2569-2086,2569,2026-08,1,,,label_sheet
uuid-2569-2086,2569,2026-09,1,,,label_sheet
uuid-2569-2087,2569,2026-03,1,0.0,,line
uuid-2569-2087,2569,2026-04,1,1.0,2026-04-30,line
uuid-2569-2088,2569,2026-03,1,1.0,2026-03-31,line
uuid-2569-2089,2569,2026-03,1,0.0,,label_sheet
uuid-2569-2089,2569,2026-04,1,0.0,,label_sheet
uuid-2569-2089,2569,2026-05,1,0.0,,label_sheet
uuid-2569-2089,2569,2026-06,1,0.0,,label_sheet
uuid-2569-2089,2569,2026-07,1,1.0,2026-07-31,label_sheet
uuid-2569-2090,2569,2026-03,1,0.0,,label_sheet
uuid-2569-2090,2569,2026-04,1,0.0,,label_sheet
uuid-2569-2090,2569,2026-05,1,0.0,,label_sheet
uuid-2569-2090,2569,2026-06,1,0.0,,label_sheet
uuid-2569-2090,2569,2026-07,1,0.0,,label_sheet
uuid-2569-2090,2569,2026-08,1,,,label_sheet
uuid-2569-2090,2569,2026-09,1,,,label_sheet
uuid-2569-2091,2569,2026-03,1,1.0,2026-03-31,label_sheet
uuid-2569-2092,2569,2026-04,1,0.0,,label_sheet
uuid-2569-2092,2569,2026-05,1,0.0,,label_sheet
uuid-2569-2092,2569,2026-06,1,1.0,2026-06-30,label_sheet
uuid-2569-2093,2569,2026-03,1,0.0,,label_sheet
uuid-2569-2093,2569,2026-04,1,0.0,,label_sheet
uuid-2569-2093,2569,2026-05,1,0.0,,label_sheet
uuid-2569-2093,2569,2026-06,1,0.0,,label_sheet
uuid-2569-2093,2569,2026-07,1,0.0,,label_sheet
uuid-2569-2093,2569,2026-08,1,,,label_sheet
uuid-2569-2093,2569,2026-09,1,,,label_sheet
uuid-2569-2094,2569,2026-04,1,0.0,,label_sheet
uuid-2569-2094,2569,2026-05,1,0.0,,label_sheet
uuid-2569-2094,2569,2026-06,1,1.0,2026-06-30,label_sheet
uuid-2569-2095,2569,2026-03,1,0.0,,memory
uuid-2569-2095,2569,2026-04,1,0.0,,memory
uuid-2569-2095,2569,2026-05,1,0.0,,memory
uuid-2569-2095,2569,2026-06,1,0.0,,memory
uuid-2569-2095,2569,2026-07,1,1.0,2026-07-31,memory
uuid-2569-2096,2569,2026-03,1,0.0,,label_sheet
uuid-2569-2096,2569,2026-04,1,0.0,,label_sheet
uuid-2569-2096,2569,2026-05,1,0.0,,label_sheet
uuid-2569-2096,2569,2026-06,1,0.0,,label_sheet
uuid-2569-2096,2569,2026-07,1,0.0,,label_sheet
uuid-2569-2096,2569,2026-08,1,,2026-08-31,label_sheet
uuid-2569-2097,2569,2026-03,1,0.0,,label_sheet
uuid-2569-2097,2569,2026-04,1,0.0,,label_sheet
uuid-2569-2097,2569,2026-05,1,0.0,,label_sheet
uuid-2569-2097,2569,2026-06,1,0.0,,label_sheet
uuid-2569-2097,2569,2026-07,1,0.0,,label_sheet
uuid-2569-2097,2569,2026-08,1,,,label_sheet
uuid-2569-2097,2569,2026-09,1,,,label_sheet
uuid-2569-2098,2569,2026-03,1,0.0,,line
uuid-2569-2098,2569,2026-04,1,0.0,,line
uuid-2569-2098,2569,2026-05,1,1.0,2026-05-31,line
uuid-2569-2099,2569,2026-03,1,0.0,,memory
uuid-2569-2099,2569,2026-04,1,0.0,,memory
uuid-2569-2099,2569,2026-05,1,0.0,,memory
uuid-2569-2099,2569,2026-06,1,1.0,2026-06-30,memory
uuid-2569-2100,2569,2026-05,1,0.0,,memory
uuid-2569-2100,2569,2026-06,1,0.0,,memory
uuid-2569-2100,2569,2026-07,1,1.0,2026-07-31,memory
uuid-2569-2101,2569,2026-03,1,0.0,,line
uuid-2569-2101,2569,2026-04,1,0.0,,line
uuid-2569-2101,2569,2026-05,1,1.0,2026-05-31,line
uuid-2569-2102,2569,2026-03,1,0.0,,memory
uuid-2569-2102,2569,2026-04,1,1.0,2026-04-30,memory
uuid-2569-2103,2569,2026-03,1,0.0,,label_sheet
uuid-2569-2103,2569,2026-04,1,0.0,,label_sheet
uuid-2569-2103,2569,2026-05,1,0.0,,label_sheet
uuid-2569-2103,2569,2026-06,1,0.0,,label_sheet
uuid-2569-2103,2569,2026-07,1,1.0,2026-07-31,label_sheet
uuid-2569-2104,2569,2026-03,1,0.0,,label_sheet
uuid-2569-2104,2569,2026-04,1,0.0,,label_sheet
uuid-2569-2104,2569,2026-05,1,0.0,,label_sheet
uuid-2569-2104,2569,2026-06,1,0.0,,label_sheet
uuid-2569-2104,2569,2026-07,1,0.0,,label_sheet
uuid-2569-2104,2569,2026-08,1,,,label_sheet
uuid-2569-2104,2569,2026-09,1,,,label_sheet
uuid-2569-2105,2569,2026-03,1,1.0,2026-03-31,line
uuid-2569-2106,2569,2026-03,1,0.0,,line
uuid-2569-2106,2569,2026-04,1,0.0,,line
uuid-2569-2106,2569,2026-05,1,0.0,,line
uuid-2569-2106,2569,2026-06,1,0.0,,line
uuid-2569-2106,2569,2026-07,1,1.0,2026-07-31,line
uuid-2569-2107,2569,2026-05,1,0.0,,label_sheet
uuid-2569-2107,2569,2026-06,1,0.0,,label_sheet
uuid-2569-2107,2569,2026-07,1,0.0,,label_sheet
uuid-2569-2107,2569,2026-08,1,,,label_sheet
uuid-2569-2107,2569,2026-09,1,,,label_sheet
uuid-2569-2108,2569,2026-03,1,0.0,,line
uuid-2569-2108,2569,2026-04,1,0.0,,line
uuid-2569-2108,2569,2026-05,1,0.0,,line
uuid-2569-2108,2569,2026-06,1,0.0,,line
uuid-2569-2108,2569,2026-07,1,1.0,2026-07-31,line
uuid-2569-2109,2569,2026-03,1,0.0,,label_sheet
uuid-2569-2109,2569,2026-04,1,0.0,,label_sheet
uuid-2569-2109,2569,2026-05,1,0.0,,label_sheet
uuid-2569-2109,2569,2026-06,1,0.0,,label_sheet
uuid-2569-2109,2569,2026-07,1,0.0,,label_sheet
uuid-2569-2109,2569,2026-08,1,,,label_sheet
uuid-2569-2109,2569,2026-09,1,,,label_sheet
uuid-2569-2110,2569,2026-03,1,0.0,,label_sheet
uuid-2569-2110,2569,2026-04,1,0.0,,label_sheet
uuid-2569-2110,2569,2026-05,1,0.0,,label_sheet
uuid-2569-2110,2569,2026-06,1,0.0,,label_sheet
uuid-2569-2110,2569,2026-07,1,0.0,,label_sheet
uuid-2569-2110,2569,2026-08,1,,,label_sheet
uuid-2569-2110,2569,2026-09,1,,,label_sheet
uuid-2569-2111,2569,2026-03,1,0.0,,label_sheet
uuid-2569-2111,2569,2026-04,1,0.0,,label_sheet
uuid-2569-2111,2569,2026-05,1,0.0,,label_sheet
uuid-2569-2111,2569,2026-06,1,0.0,,label_sheet
uuid-2569-2111,2569,2026-07,1,0.0,,label_sheet
uuid-2569-2111,2569,2026-08,1,,,label_sheet
uuid-2569-2111,2569,2026-09,1,,,label_sheet
uuid-2569-2112,2569,2026-03,1,0.0,,label_sheet
uuid-2569-2112,2569,2026-04,1,0.0,,label_sheet
uuid-2569-2112,2569,2026-05,1,0.0,,label_sheet
uuid-2569-2112,2569,2026-06,1,0.0,,label_sheet
uuid-2569-2112,2569,2026-07,1,0.0,,label_sheet
uuid-2569-2112,2569,2026-08,1,,,label_sheet
uuid-2569-2112,2569,2026-09,1,,,label_sheet
uuid-2569-2113,2569,2026-03,1,0.0,,label_sheet
uuid-2569-2113,2569,2026-04,1,0.0,,label_sheet
uuid-2569-2113,2569,2026-05,1,0.0,,label_sheet
uuid-2569-2113,2569,2026-06,1,0.0,,label_sheet
uuid-2569-2113,2569,2026-07,1,0.0,,label_sheet
uuid-2569-2113,2569,2026-08,1,,,label_sheet
uuid-2569-2113,2569,2026-09,1,,,label_sheet
uuid-2569-2114,2569,2026-03,1,0.0,,label_sheet
uuid-2569-2114,2569,2026-04,1,0.0,,label_sheet
uuid-2569-2114,2569,2026-05,1,0.0,,label_sheet
uuid-2569-2114,2569,2026-06,1,0.0,,label_sheet
uuid-2569-2114,2569,2026-07,1,0.0,,label_sheet
uuid-2569-2114,2569,2026-08,1,,,label_sheet
uuid-2569-2114,2569,2026-09,1,,,label_sheet
uuid-2569-2115,2569,2026-03,1,1.0,2026-03-31,label_sheet
uuid-2569-2116,2569,2026-04,1,0.0,,label_sheet
uuid-2569-2116,2569,2026-05,1,0.0,,label_sheet
uuid-2569-2116,2569,2026-06,1,0.0,,label_sheet
uuid-2569-2116,2569,2026-07,1,0.0,,label_sheet
uuid-2569-2116,2569,2026-08,1,,,label_sheet
uuid-2569-2116,2569,2026-09,1,,,label_sheet
uuid-2569-2117,2569,2026-04,1,0.0,,label_sheet
uuid-2569-2117,2569,2026-05,1,0.0,,label_sheet
uuid-2569-2117,2569,2026-06,1,0.0,,label_sheet
uuid-2569-2117,2569,2026-07,1,0.0,,label_sheet
uuid-2569-2117,2569,2026-08,1,,,label_sheet
uuid-2569-2117,2569,2026-09,1,,,label_sheet
uuid-2569-2118,2569,2026-03,1,1.0,2026-03-31,label_sheet
uuid-2569-2119,2569,2026-03,1,0.0,,label_sheet
uuid-2569-2119,2569,2026-04,1,0.0,,label_sheet
uuid-2569-2119,2569,2026-05,1,0.0,,label_sheet
uuid-2569-2119,2569,2026-06,1,0.0,,label_sheet
uuid-2569-2119,2569,2026-07,1,0.0,,label_sheet
uuid-2569-2119,2569,2026-08,1,,,label_sheet
uuid-2569-2119,2569,2026-09,1,,,label_sheet
uuid-2569-2120,2569,2026-03,1,0.0,,label_sheet
uuid-2569-2120,2569,2026-04,1,0.0,,label_sheet
uuid-2569-2120,2569,2026-05,1,0.0,,label_sheet
uuid-2569-2120,2569,2026-06,1,0.0,,label_sheet
uuid-2569-2120,2569,2026-07,1,0.0,,label_sheet
uuid-2569-2120,2569,2026-08,1,,,label_sheet
uuid-2569-2120,2569,2026-09,1,,,label_sheet
uuid-2569-2121,2569,2026-04,1,0.0,,label_sheet
uuid-2569-2121,2569,2026-05,1,0.0,,label_sheet
uuid-2569-2121,2569,2026-06,1,0.0,,label_sheet
uuid-2569-2121,2569,2026-07,1,0.0,,label_sheet
uuid-2569-2121,2569,2026-08,1,,,label_sheet
uuid-2569-2121,2569,2026-09,1,,,label_sheet
uuid-2569-2122,2569,2026-03,1,0.0,,label_sheet
uuid-2569-2122,2569,2026-04,1,0.0,,label_sheet
uuid-2569-2122,2569,2026-05,1,0.0,,label_sheet
uuid-2569-2122,2569,2026-06,1,0.0,,label_sheet
uuid-2569-2122,2569,2026-07,1,0.0,,label_sheet
uuid-2569-2122,2569,2026-08,1,,,label_sheet
uuid-2569-2122,2569,2026-09,1,,,label_sheet
uuid-2569-2123,2569,2026-03,1,0.0,,label_sheet
uuid-2569-2123,2569,2026-04,1,0.0,,label_sheet
uuid-2569-2123,2569,2026-05,1,0.0,,label_sheet
uuid-2569-2123,2569,2026-06,1,0.0,,label_sheet
uuid-2569-2123,2569,2026-07,1,0.0,,label_sheet
uuid-2569-2123,2569,2026-08,1,,,label_sheet
uuid-2569-2123,2569,2026-09,1,,,label_sheet
uuid-2569-2124,2569,2026-03,1,0.0,,label_sheet
uuid-2569-2124,2569,2026-04,1,0.0,,label_sheet
uuid-2569-2124,2569,2026-05,1,0.0,,label_sheet
uuid-2569-2124,2569,2026-06,1,0.0,,label_sheet
uuid-2569-2124,2569,2026-07,1,0.0,,label_sheet
uuid-2569-2124,2569,2026-08,1,,,label_sheet
uuid-2569-2124,2569,2026-09,1,,,label_sheet
uuid-2569-2125,2569,2026-03,1,0.0,,label_sheet
uuid-2569-2125,2569,2026-04,1,0.0,,label_sheet
uuid-2569-2125,2569,2026-05,1,0.0,,label_sheet
uuid-2569-2125,2569,2026-06,1,0.0,,label_sheet
uuid-2569-2125,2569,2026-07,1,0.0,,label_sheet
uuid-2569-2125,2569,2026-08,1,,,label_sheet
uuid-2569-2125,2569,2026-09,1,,,label_sheet
uuid-2569-2126,2569,2026-03,1,0.0,,label_sheet
uuid-2569-2126,2569,2026-04,1,0.0,,label_sheet
uuid-2569-2126,2569,2026-05,1,0.0,,label_sheet
uuid-2569-2126,2569,2026-06,1,1.0,2026-06-30,label_sheet
uuid-2569-2127,2569,2026-06,1,0.0,,label_sheet
uuid-2569-2127,2569,2026-07,1,1.0,2026-07-31,label_sheet
uuid-2569-2128,2569,2026-05,1,1.0,2026-05-31,label_sheet
uuid-2569-2129,2569,2026-04,1,0.0,,label_sheet
uuid-2569-2129,2569,2026-05,1,0.0,,label_sheet
uuid-2569-2129,2569,2026-06,1,0.0,,label_sheet
uuid-2569-2129,2569,2026-07,1,0.0,,label_sheet
uuid-2569-2129,2569,2026-08,1,,,label_sheet
uuid-2569-2129,2569,2026-09,1,,,label_sheet
uuid-2569-2130,2569,2026-04,1,0.0,,label_sheet
uuid-2569-2130,2569,2026-05,1,0.0,,label_sheet
uuid-2569-2130,2569,2026-06,1,0.0,,label_sheet
uuid-2569-2130,2569,2026-07,1,0.0,,label_sheet
uuid-2569-2130,2569,2026-08,1,,,label_sheet
uuid-2569-2130,2569,2026-09,1,,,label_sheet
uuid-2569-2131,2569,2026-03,1,0.0,,label_sheet
uuid-2569-2131,2569,2026-04,1,0.0,,label_sheet
uuid-2569-2131,2569,2026-05,1,0.0,,label_sheet
uuid-2569-2131,2569,2026-06,1,0.0,,label_sheet
uuid-2569-2131,2569,2026-07,1,0.0,,label_sheet
uuid-2569-2131,2569,2026-08,1,,,label_sheet
uuid-2569-2131,2569,2026-09,1,,,label_sheet
uuid-2569-2132,2569,2026-03,1,0.0,,label_sheet
uuid-2569-2132,2569,2026-04,1,0.0,,label_sheet
uuid-2569-2132,2569,2026-05,1,0.0,,label_sheet
uuid-2569-2132,2569,2026-06,1,0.0,,label_sheet
uuid-2569-2132,2569,2026-07,1,0.0,,label_sheet
uuid-2569-2132,2569,2026-08,1,,,label_sheet
uuid-2569-2132,2569,2026-09,1,,,label_sheet
uuid-2569-2133,2569,2026-03,1,0.0,,label_sheet
uuid-2569-2133,2569,2026-04,1,0.0,,label_sheet
uuid-2569-2133,2569,2026-05,1,0.0,,label_sheet
uuid-2569-2133,2569,2026-06,1,0.0,,label_sheet
uuid-2569-2133,2569,2026-07,1,0.0,,label_sheet
uuid-2569-2133,2569,2026-08,1,,,label_sheet
uuid-2569-2133,2569,2026-09,1,,,label_sheet
uuid-2569-2134,2569,2026-03,1,0.0,,label_sheet
uuid-2569-2134,2569,2026-04,1,1.0,2026-04-30,label_sheet
uuid-2569-2135,2569,2026-03,1,0.0,,label_sheet
uuid-2569-2135,2569,2026-04,1,0.0,,label_sheet
uuid-2569-2135,2569,2026-05,1,0.0,,label_sheet
uuid-2569-2135,2569,2026-06,1,0.0,,label_sheet
uuid-2569-2135,2569,2026-07,1,0.0,,label_sheet
uuid-2569-2135,2569,2026-08,1,,,label_sheet
uuid-2569-2135,2569,2026-09,1,,,label_sheet
uuid-2569-2136,2569,2026-03,1,0.0,,label_sheet
uuid-2569-2136,2569,2026-04,1,0.0,,label_sheet
uuid-2569-2136,2569,2026-05,1,0.0,,label_sheet
uuid-2569-2136,2569,2026-06,1,0.0,,label_sheet
uuid-2569-2136,2569,2026-07,1,0.0,,label_sheet
uuid-2569-2136,2569,2026-08,1,,,label_sheet
uuid-2569-2136,2569,2026-09,1,,,label_sheet
uuid-2569-2137,2569,2026-03,1,0.0,,label_sheet
uuid-2569-2137,2569,2026-04,1,0.0,,label_sheet
uuid-2569-2137,2569,2026-05,1,0.0,,label_sheet
uuid-2569-2137,2569,2026-06,1,0.0,,label_sheet
uuid-2569-2137,2569,2026-07,1,0.0,,label_sheet
uuid-2569-2137,2569,2026-08,1,,,label_sheet
uuid-2569-2137,2569,2026-09,1,,,label_sheet
uuid-2569-2138,2569,2026-03,1,0.0,,memory
uuid-2569-2138,2569,2026-04,1,1.0,2026-04-30,memory
uuid-2569-2139,2569,2026-04,1,0.0,,label_sheet
uuid-2569-2139,2569,2026-05,1,0.0,,label_sheet
uuid-2569-2139,2569,2026-06,1,0.0,,label_sheet
uuid-2569-2139,2569,2026-07,1,0.0,,label_sheet
uuid-2569-2139,2569,2026-08,1,,2026-08-31,label_sheet
uuid-2569-2140,2569,2026-03,1,1.0,2026-03-31,label_sheet
uuid-2569-2141,2569,2026-04,1,0.0,,label_sheet
uuid-2569-2141,2569,2026-05,1,0.0,,label_sheet
uuid-2569-2141,2569,2026-06,1,0.0,,label_sheet
uuid-2569-2141,2569,2026-07,1,0.0,,label_sheet
uuid-2569-2141,2569,2026-08,1,,,label_sheet
uuid-2569-2141,2569,2026-09,1,,,label_sheet
uuid-2569-2142,2569,2026-06,1,0.0,,memory
uuid-2569-2142,2569,2026-07,1,1.0,2026-07-31,memory
uuid-2569-2143,2569,2026-03,1,1.0,2026-03-31,label_sheet
uuid-2569-2144,2569,2026-04,1,0.0,,label_sheet
uuid-2569-2144,2569,2026-05,1,0.0,,label_sheet
uuid-2569-2144,2569,2026-06,1,1.0,2026-06-30,label_sheet
uuid-2569-2145,2569,2026-03,1,1.0,2026-03-31,label_sheet
uuid-2569-2146,2569,2026-03,1,0.0,,label_sheet
uuid-2569-2146,2569,2026-04,1,0.0,,label_sheet
uuid-2569-2146,2569,2026-05,1,0.0,,label_sheet
uuid-2569-2146,2569,2026-06,1,0.0,,label_sheet
uuid-2569-2146,2569,2026-07,1,0.0,,label_sheet
uuid-2569-2146,2569,2026-08,1,,,label_sheet
uuid-2569-2146,2569,2026-09,1,,,label_sheet
uuid-2569-2147,2569,2026-05,1,0.0,,line
uuid-2569-2147,2569,2026-06,1,0.0,,line
uuid-2569-2147,2569,2026-07,1,0.0,,line
uuid-2569-2147,2569,2026-08,1,,2026-08-31,line
uuid-2569-2148,2569,2026-04,1,0.0,,line
uuid-2569-2148,2569,2026-05,1,0.0,,line
uuid-2569-2148,2569,2026-06,1,0.0,,line
uuid-2569-2148,2569,2026-07,1,1.0,2026-07-31,line
uuid-2569-2149,2569,2026-03,1,0.0,,label_sheet
uuid-2569-2149,2569,2026-04,1,0.0,,label_sheet
uuid-2569-2149,2569,2026-05,1,0.0,,label_sheet
uuid-2569-2149,2569,2026-06,1,0.0,,label_sheet
uuid-2569-2149,2569,2026-07,1,0.0,,label_sheet
uuid-2569-2149,2569,2026-08,1,,,label_sheet
uuid-2569-2149,2569,2026-09,1,,,label_sheet
uuid-2569-2150,2569,2026-04,1,0.0,,label_sheet
uuid-2569-2150,2569,2026-05,1,0.0,,label_sheet
uuid-2569-2150,2569,2026-06,1,0.0,,label_sheet
uuid-2569-2150,2569,2026-07,1,0.0,,label_sheet
uuid-2569-2150,2569,2026-08,1,,,label_sheet
uuid-2569-2150,2569,2026-09,1,,,label_sheet
