student_key,year,student_code,display_name,grade,school,target_school,live_or_replay,old_new,signup_date,signup_lateness,n_subjects,subject_ids,same_person_key
2568-1001,2568,1001,น้องพลอย 1001,ม.2,สาธิตปทุมวัน,TU,สด,old,2025-06-13,3,4,1;4;5;6,
2568-1002,2568,1002,น้องอิง 1002,ม.1,บดินทรเดชา,MWIT,สด,new,2025-03-20,0,4,1;4;5;6,
2568-1003,2568,1003,น้องพลอย 1003,ม.3,อื่นๆ,MWIT,สด,new,2025-03-03,0,4,1;4;5;6,
2568-1004,2568,1004,น้องพลอย 1004,ม.2,บดินทรเดชา,MWIT,สด,new,2025-03-07,0,4,1;4;5;6,
2568-1005,2568,1005,น้องกันต์ 1005,ม.3,อื่นๆ,TU,เทป,old,2025-03-17,0,4,1;4;5;6,
2568-1006,2568,1006,น้องปราง 1006,ม.3,สาธิตปทุมวัน,TU,สด,new,2025-03-12,0,3,1;4;5,
2568-1007,2568,1007,น้องต้นน้ำ 1007,ม.3,บดินทรเดชา,TU,สด,new,2025-04-20,1,4,1;4;5;6,
2568-1008,2568,1008,น้องพลอย 1008,ม.2,บดินทรเดชา,อื่นๆ,สด,old,2025-04-20,1,4,1;4;5;6,
2568-1009,2568,1009,น้องปราง 1009,ม.2,อื่นๆ,MWIT,สด,new,2025-06-20,3,4,1;4;5;6,
2568-1010,2568,1010,น้องมายด์ 1010,ม.2,อื่นๆ,MWIT,สด,new,2025-04-15,1,4,1;4;5;6,
2568-1011,2568,1011,น้องไอซ์ 1011,ม.1,สาธิตปทุมวัน,อื่นๆ,สด,new,2025-06-02,3,4,1;4;5;6,
2568-1012,2568,1012,น้องโอม 1012,ม.2,อื่นๆ,อื่นๆ,สด,new,2025-03-17,0,2,1;6,
2568-1013,2568,1013,น้องเฟิร์น 1013,ม.2,อื่นๆ,อื่นๆ,สด,old,2025-04-09,1,4,1;4;5;6,
2568-1014,2568,1014,น้องเฟิร์น 1014,ม.2,สวนกุหลาบ,TU,เทป,old,2025-03-06,0,4,1;4;5;6,
2568-1015,2568,1015,น้องกันต์ 1015,ม.2,อื่นๆ,MWIT,เทป,new,2025-03-10,0,2,1;5,
2568-1016,2568,1016,น้องต้นน้ำ 1016,ม.3,อื่นๆ,TU,เทป,new,2025-03-09,0,4,1;4;5;6,
2568-1017,2568,1017,น้องไอซ์ 1017,ม.3,บดินทรเดชา,MWIT,สด,new,2025-03-25,0,4,1;4;5;6,
2568-1018,2568,1018,น้องกันต์ 1018,ม.2,สวนกุหลาบ,MWIT,สด,new,2025-04-13,1,3,1;4;5,
2568-1019,2568,1019,น้องคุน 1019,ม.3,อื่นๆ,TU,เทป,new,2025-05-23,2,4,1;4;5;6,
2568-1020,2568,1020,น้องพลอย 1020,ม.3,อื่นๆ,TU,เทป,new,2025-04-12,1,4,1;4;5;6,
2568-1021,2568,1021,น้องต้นน้ำ 1021,ม.2,บดินทรเดชา,KVIS,สด,old,2025-03-03,0,4,1;4;5;6,
2568-1022,2568,1022,น้องอิง 1022,ม.3,บดินทรเดชา,MWIT,เทป,new,2025-03-09,0,3,1;5;6,
2568-1023,2568,1023,น้องเจได 1023,ม.2,อื่นๆ,MWIT,สด,new,2025-04-19,1,2,1;4,
2568-1024,2568,1024,น้องกันต์ 1024,ม.1,บดินทรเดชา,MWIT,เทป,new,2025-04-20,1,2,1;6,
2568-1025,2568,1025,น้องปราง 1025,ม.1,บดินทรเดชา,KVIS,สด,new,2025-03-25,0,2,4;5,
2568-1026,2568,1026,น้องพลอย 1026,ม.2,บดินทรเดชา,TU,สด,new,2025-03-13,0,4,1;4;5;6,
2568-1027,2568,1027,น้องเฟิร์น 1027,ม.3,สาธิตปทุมวัน,MWIT,สด,new,2025-03-19,0,4,1;4;5;6,
2568-1028,2568,1028,น้องเจได 1028,ม.2,หาดใหญ่วิทยาลัย,อื่นๆ,สด,new,2025-03-19,0,4,1;4;5;6,
2568-1029,2568,1029,น้องอิง 1029,ม.1,อื่นๆ,KVIS,สด,new,2025-03-25,0,4,1;4;5;6,
2568-1030,2568,1030,น้องต้นน้ำ 1030,ม.2,หาดใหญ่วิทยาลัย,MWIT,สด,new,2025-03-19,0,4,1;4;5;6,
2568-1031,2568,1031,น้องปราง 1031,ม.1,อื่นๆ,MWIT,สด,new,2025-03-09,0,4,1;4;5;6,
2568-1032,2568,1032,น้องปราง 1032,ม.2,หาดใหญ่วิทยาลัย,MWIT,สด,new,2025-03-12,0,4,1;4;5;6,
2568-1033,2568,1033,น้องภีม 1033,ม.3,อื่นๆ,MWIT,สด,new,2025-03-24,0,2,1;4,
2568-1034,2568,1034,น้องพลอย 1034,ม.2,อื่นๆ,TU,สด,new,2025-04-04,1,3,1;5;6,
2568-1035,2568,1035,น้องเจได 1035,ม.2,อื่นๆ,TU,สด,new,2025-04-21,1,2,1;6,
2568-1036,2568,1036,น้องอิง 1036,ม.2,อื่นๆ,MWIT,เทป,new,2025-03-22,0,4,1;4;5;6,
2568-1037,2568,1037,น้องมายด์ 1037,ม.1,อื่นๆ,TU,เทป,new,2025-03-15,0,3,1;5;6,
2568-1038,2568,1038,น้องเจได 1038,ม.3,สาธิตปทุมวัน,MWIT,เทป,new,2025-03-14,0,3,1;4;6,
2568-1039,2568,1039,น้องเฟิร์น 1039,ม.3,หาดใหญ่วิทยาลัย,TU,สด,old,2025-05-20,2,3,4;5;6,
2568-1040,2568,1040,น้องน้ำหวาน 1040,ม.1,อื่นๆ,TU,เทป,new,2025-03-15,0,3,1;5;6,
2568-1041,2568,1041,น้องน้ำหวาน 1041,ม.2,อื่นๆ,KVIS,สด,new,2025-03-06,0,4,1;4;5;6,
2568-1042,2568,1042,น้องกันต์ 1042,ม.1,อื่นๆ,TU,สด,new,2025-04-15,1,4,1;4;5;6,
2568-1043,2568,1043,น้องเจได 1043,ม.2,อื่นๆ,TU,สด,new,2025-03-20,0,4,1;4;5;6,
2568-1044,2568,1044,น้องกันต์ 1044,ม.3,อื่นๆ,MWIT,สด,new,2025-03-01,0,2,1;5,
2568-1045,2568,1045,น้องพลอย 1045,ม.3,อื่นๆ,KVIS,สด,old,2025-03-23,0,4,1;4;5;6,
2568-1046,2568,1046,น้องไอซ์ 1046,ม.3,อื่นๆ,TU,สด,new,2025-03-12,0,4,1;4;5;6,
2568-1047,2568,1047,น้องแพรวา 1047,ม.2,อื่นๆ,KVIS,เทป,old,2025-03-16,0,4,1;4;5;6,
2568-1048,2568,1048,น้องไทเกอร์ 1048,ม.2,สาธิตปทุมวัน,TU,สด,new,2025-03-09,0,3,1;5;6,
2568-1049,2568,1049,น้องอิง 1049,ม.2,อื่นๆ,อื่นๆ,สด,new,2025-03-08,0,3,4;5;6,
2568-1050,2568,1050,น้องต้นน้ำ 1050,ม.3,สาธิตปทุมวัน,TU,สด,new,2025-03-22,0,4,1;4;5;6,
2568-1051,2568,1051,น้องเจได 1051,ม.2,หาดใหญ่วิทยาลัย,KVIS,สด,new,2025-03-04,0,2,5;6,
2568-1052,2568,1052,น้องไทเกอร์ 1052,ม.3,อื่นๆ,อื่นๆ,เทป,old,2025-03-18,0,4,1;4;5;6,
2568-1053,2568,1053,น้องโอม 1053,ม.3,อื่นๆ,TU,สด,new,2025-03-02,0,2,1;4,
2568-1054,2568,1054,น้องไอซ์ 1054,ม.2,อื่นๆ,MWIT,สด,new,2025-04-23,1,3,1;4;5,
2568-1055,2568,1055,น้องภีม 1055,ม.3,หาดใหญ่วิทยาลัย,MWIT,เทป,new,2025-03-25,0,4,1;4;5;6,
2568-1056,2568,1056,น้องไอซ์ 1056,ม.2,สวนกุหลาบ,KVIS,สด,new,2025-03-08,0,4,1;4;5;6,
2568-1057,2568,1057,น้องโอม 1057,ม.3,อื่นๆ,MWIT,สด,new,2025-03-04,0,4,1;4;5;6,
2568-1058,2568,1058,น้องมายด์ 1058,ม.1,อื่นๆ,MWIT,สด,new,2025-03-01,0,2,1;4,
2568-1059,2568,1059,น้องต้นน้ำ 1059,ม.2,อื่นๆ,MWIT,สด,new,2025-04-18,1,3,1;4;5,
2568-1060,2568,1060,น้องแพรวา 1060,ม.2,อื่นๆ,อื่นๆ,สด,old,2025-05-07,2,2,1;5,
2568-1061,2568,1061,น้องภีม 1061,ม.3,สวนกุหลาบ,TU,สด,new,2025-03-20,0,4,1;4;5;6,
2568-1062,2568,1062,น้องพลอย 1062,ม.3,หาดใหญ่วิทยาลัย,TU,เทป,old,2025-05-01,2,3,1;4;5,
2568-1063,2568,1063,น้องน้ำหวาน 1063,ม.3,อื่นๆ,KVIS,สด,old,2025-05-11,2,4,1;4;5;6,
2568-1064,2568,1064,น้องกันต์ 1064,ม.2,บดินทรเดชา,KVIS,สด,new,2025-03-11,0,2,1;4,
2568-1065,2568,1065,น้องภูมิ 1065,ม.2,สวนกุหลาบ,TU,สด,old,2025-05-09,2,2,5;6,
2568-1066,2568,1066,น้องอิง 1066,ม.2,อื่นๆ,อื่นๆ,เทป,new,2025-03-19,0,4,1;4;5;6,
2568-1067,2568,1067,น้องน้ำหวาน 1067,ม.1,หาดใหญ่วิทยาลัย,KVIS,สด,new,2025-05-25,2,4,1;4;5;6,
2568-1068,2568,1068,น้องมายด์ 1068,ม.3,สวนกุหลาบ,อื่นๆ,สด,new,2025-03-10,0,3,1;4;6,
2568-1069,2568,1069,น้องปราง 1069,ม.3,อื่นๆ,KVIS,สด,old,2025-03-17,0,4,1;4;5;6,
2568-1070,2568,1070,น้องภีม 1070,ม.3,อื่นๆ,KVIS,เทป,new,2025-03-23,0,3,1;5;6,
2568-1071,2568,1071,น้องโอม 1071,ม.2,หาดใหญ่วิทยาลัย,TU,เทป,new,2025-03-04,0,3,1;4;5,
2568-1072,2568,1072,น้องเฟิร์น 1072,ม.3,บดินทรเดชา,TU,สด,new,2025-03-03,0,2,4;6,
2568-1073,2568,1073,น้องไทเกอร์ 1073,ม.3,อื่นๆ,TU,เทป,new,2025-04-02,1,4,1;4;5;6,
2568-1074,2568,1074,น้องกันต์ 1074,ม.1,สวนกุหลาบ,KVIS,สด,new,2025-03-08,0,4,1;4;5;6,
2568-1075,2568,1075,น้องภูมิ 1075,ม.3,บดินทรเดชา,MWIT,สด,new,2025-03-20,0,2,4;5,
2568-1076,2568,1076,น้องโอม 1076,ม.2,อื่นๆ,KVIS,สด,old,2025-03-06,0,4,1;4;5;6,
2568-1077,2568,1077,น้องโอม 1077,ม.1,สาธิตปทุมวัน,MWIT,สด,old,2025-04-08,1,4,1;4;5;6,
2568-1078,2568,1078,น้องไทเกอร์ 1078,ม.2,สาธิตปทุมวัน,TU,เทป,new,2025-05-02,2,4,1;4;5;6,
2568-1079,2568,1079,น้องแพรวา 1079,ม.2,อื่นๆ,TU,สด,new,2025-04-04,1,4,1;4;5;6,
2568-1080,2568,1080,น้องภีม 1080,ม.3,บดินทรเดชา,KVIS,สด,old,2025-04-16,1,4,1;4;5;6,
2568-1081,2568,1081,น้องกันต์ 1081,ม.2,อื่นๆ,TU,เทป,new,2025-04-07,1,4,1;4;5;6,
2568-1082,2568,1082,น้องอิง 1082,ม.3,หาดใหญ่วิทยาลัย,MWIT,เทป,new,2025-05-05,2,4,1;4;5;6,
2568-1083,2568,1083,น้องน้ำหวาน 1083,ม.2,อื่นๆ,MWIT,สด,new,2025-06-04,3,2,5;6,
2568-1084,2568,1084,น้องปราง 1084,ม.2,อื่นๆ,TU,เทป,old,2025-03-20,0,4,1;4;5;6,
2568-1085,2568,1085,น้องต้นน้ำ 1085,ม.3,บดินทรเดชา,KVIS,สด,new,2025-05-10,2,4,1;4;5;6,
2568-1086,2568,1086,น้องกันต์ 1086,ม.2,อื่นๆ,MWIT,เทป,new,2025-03-21,0,2,1;4,
2568-1087,2568,1087,น้องไทเกอร์ 1087,ม.3,อื่นๆ,MWIT,สด,old,2025-03-16,0,4,1;4;5;6,
2568-1088,2568,1088,น้องแพรวา 1088,ม.2,บดินทรเดชา,TU,เทป,new,2025-04-23,1,4,1;4;5;6,
2568-1089,2568,1089,น้องโอม 1089,ม.3,สาธิตปทุมวัน,อื่นๆ,เทป,new,2025-05-09,2,2,1;6,
2568-1090,2568,1090,น้องกันต์ 1090,ม.1,อื่นๆ,MWIT,สด,new,2025-03-06,0,4,1;4;5;6,
2568-1091,2568,1091,น้องแพรวา 1091,ม.1,บดินทรเดชา,MWIT,สด,old,2025-04-13,1,2,1;5,
2568-1092,2568,1092,น้องต้นน้ำ 1092,ม.3,อื่นๆ,KVIS,สด,new,2025-03-14,0,2,5;6,
2568-1093,2568,1093,น้องเจได 1093,ม.2,อื่นๆ,TU,สด,new,2025-03-23,0,3,1;4;6,
2568-1094,2568,1094,น้องไอซ์ 1094,ม.1,บดินทรเดชา,MWIT,เทป,new,2025-03-12,0,3,1;4;5,
2568-1095,2568,1095,น้องมายด์ 1095,ม.2,สวนกุหลาบ,MWIT,สด,new,2025-03-10,0,4,1;4;5;6,
2568-1096,2568,1096,น้องมายด์ 1096,ม.2,สวนกุหลาบ,อื่นๆ,สด,old,2025-03-12,0,4,1;4;5;6,
2568-1097,2568,1097,น้องภูมิ 1097,ม.2,หาดใหญ่วิทยาลัย,KVIS,สด,old,2025-03-05,0,2,4;5,
2568-1098,2568,1098,น้องพลอย 1098,ม.3,อื่นๆ,อื่นๆ,สด,new,2025-03-09,0,2,1;4,
2568-1099,2568,1099,น้องคุน 1099,ม.2,อื่นๆ,MWIT,สด,new,2025-03-03,0,4,1;4;5;6,
2568-1100,2568,1100,น้องแพรวา 1100,ม.2,หาดใหญ่วิทยาลัย,TU,สด,new,2025-04-24,1,3,1;4;5,
2568-1101,2568,1101,น้องต้นน้ำ 1101,ม.3,สวนกุหลาบ,KVIS,สด,new,2025-03-12,0,2,5;6,
2568-1102,2568,1102,น้องภูมิ 1102,ม.3,อื่นๆ,KVIS,สด,new,2025-03-07,0,3,4;5;6,
2568-1103,2568,1103,น้องอิง 1103,ม.3,บดินทรเดชา,MWIT,สด,new,2025-04-21,1,4,1;4;5;6,
2568-1104,2568,1104,น้องภูมิ 1104,ม.3,หาดใหญ่วิทยาลัย,TU,สด,new,2025-03-06,0,4,1;4;5;6,
2568-1105,2568,1105,น้องคุน 1105,ม.3,อื่นๆ,KVIS,เทป,new,2025-03-13,0,3,4;5;6,
2568-1106,2568,1106,น้องอิง 1106,ม.3,สวนกุหลาบ,MWIT,สด,old,2025-03-18,0,4,1;4;5;6,
2568-1107,2568,1107,น้องปราง 1107,ม.3,อื่นๆ,KVIS,เทป,new,2025-06-24,3,4,1;4;5;6,
2568-1108,2568,1108,น้องภูมิ 1108,ม.1,สวนกุหลาบ,TU,สด,new,2025-03-21,0,3,4;5;6,
2568-1109,2568,1109,น้องโอม 1109,ม.1,อื่นๆ,MWIT,สด,new,2025-03-05,0,3,1;5;6,
2568-1110,2568,1110,น้องเฟิร์น 1110,ม.3,บดินทรเดชา,KVIS,สด,new,2025-04-21,1,3,4;5;6,
2568-1111,2568,1111,น้องปราง 1111,ม.3,บดินทรเดชา,TU,เทป,new,2025-03-19,0,4,1;4;5;6,
2568-1112,2568,1112,น้องกันต์ 1112,ม.3,สาธิตปทุมวัน,TU,สด,old,2025-03-15,0,4,1;4;5;6,
2568-1113,2568,1113,น้องโอม 1113,ม.2,หาดใหญ่วิทยาลัย,MWIT,เทป,new,2025-06-13,3,4,1;4;5;6,
2568-1114,2568,1114,น้องต้นน้ำ 1114,ม.3,อื่นๆ,TU,สด,old,2025-04-02,1,4,1;4;5;6,
2568-1115,2568,1115,น้องเฟิร์น 1115,ม.2,อื่นๆ,MWIT,สด,new,2025-06-08,3,4,1;4;5;6,
2568-1116,2568,1116,น้องต้นน้ำ 1116,ม.2,หาดใหญ่วิทยาลัย,MWIT,สด,new,2025-05-20,2,2,1;5,
2568-1117,2568,1117,น้องกันต์ 1117,ม.3,หาดใหญ่วิทยาลัย,MWIT,สด,new,2025-03-04,0,4,1;4;5;6,
2568-1118,2568,1118,น้องเฟิร์น 1118,ม.2,สาธิตปทุมวัน,MWIT,เทป,new,2025-03-05,0,4,1;4;5;6,
2568-1119,2568,1119,น้องแพรวา 1119,ม.2,อื่นๆ,MWIT,สด,new,2025-04-10,1,4,1;4;5;6,
2568-1120,2568,1120,น้องโอม 1120,ม.3,อื่นๆ,TU,เทป,new,2025-06-23,3,3,1;4;6,
2568-1121,2568,1121,น้องอิง 1121,ม.3,อื่นๆ,KVIS,สด,new,2025-04-14,1,4,1;4;5;6,
2568-1122,2568,1122,น้องภีม 1122,ม.1,บดินทรเดชา,อื่นๆ,สด,new,2025-03-07,0,4,1;4;5;6,
2568-1123,2568,1123,น้องเจได 1123,ม.2,อื่นๆ,TU,เทป,old,2025-03-07,0,4,1;4;5;6,
2568-1124,2568,1124,น้องโอม 1124,ม.3,บดินทรเดชา,TU,สด,old,2025-03-11,0,4,1;4;5;6,
2568-1125,2568,1125,น้องพลอย 1125,ม.3,สาธิตปทุมวัน,TU,สด,new,2025-03-04,0,4,1;4;5;6,
2568-1126,2568,1126,น้องกันต์ 1126,ม.3,อื่นๆ,MWIT,เทป,new,2025-04-16,1,4,1;4;5;6,
2568-1127,2568,1127,น้องไทเกอร์ 1127,ม.2,อื่นๆ,MWIT,สด,new,2025-05-02,2,4,1;4;5;6,
2568-1128,2568,1128,น้องภูมิ 1128,ม.2,สาธิตปทุมวัน,MWIT,สด,new,2025-04-16,1,2,1;4,
2568-1129,2568,1129,น้องปราง 1129,ม.1,อื่นๆ,อื่นๆ,สด,new,2025-04-08,1,4,1;4;5;6,
2568-1130,2568,1130,น้องคุน 1130,ม.3,บดินทรเดชา,TU,สด,new,2025-03-21,0,3,4;5;6,
2568-1131,2568,1131,น้องเฟิร์น 1131,ม.3,อื่นๆ,KVIS,เทป,new,2025-03-01,0,4,1;4;5;6,
2568-1132,2568,1132,น้องพลอย 1132,ม.2,อื่นๆ,MWIT,สด,new,2025-03-18,0,4,1;4;5;6,
2568-1133,2568,1133,น้องภูมิ 1133,ม.3,อื่นๆ,TU,สด,new,2025-03-15,0,4,1;4;5;6,
2568-1134,2568,1134,น้องปราง 1134,ม.2,สวนกุหลาบ,อื่นๆ,เทป,old,2025-04-18,1,4,1;4;5;6,
2568-1135,2568,1135,น้องคุน 1135,ม.3,อื่นๆ,KVIS,สด,old,2025-03-17,0,4,1;4;5;6,
2568-1136,2568,1136,น้องแพรวา 1136,ม.3,สวนกุหลาบ,TU,สด,new,2025-05-08,2,3,1;5;6,
2568-1137,2568,1137,น้องอิง 1137,ม.2,อื่นๆ,อื่นๆ,เทป,new,2025-03-02,0,4,1;4;5;6,
2568-1138,2568,1138,น้องต้นน้ำ 1138,ม.3,สวนกุหลาบ,TU,สด,new,2025-04-18,1,4,1;4;5;6,
2568-1139,2568,1139,น้องกันต์ 1139,ม.2,บดินทรเดชา,MWIT,สด,new,2025-03-23,0,4,1;4;5;6,
2568-1140,2568,1140,น้องมายด์ 1140,ม.3,อื่นๆ,TU,เทป,old,2025-03-07,0,3,1;4;6,
2568-1141,2568,1141,น้องภูมิ 1141,ม.2,สาธิตปทุมวัน,MWIT,เทป,new,2025-03-06,0,3,1;4;5,
2568-1142,2568,1142,น้องมายด์ 1142,ม.2,อื่นๆ,TU,เทป,new,2025-03-10,0,4,1;4;5;6,
2568-1143,2568,1143,น้องไทเกอร์ 1143,ม.3,บดินทรเดชา,TU,สด,old,2025-03-17,0,3,1;4;5,
2568-1144,2568,1144,น้องปราง 1144,ม.3,สวนกุหลาบ,MWIT,เทป,new,2025-03-03,0,2,1;6,
2568-1145,2568,1145,น้องปราง 1145,ม.1,บดินทรเดชา,อื่นๆ,เทป,new,2025-03-03,0,4,1;4;5;6,
2568-1146,2568,1146,น้องปราง 1146,ม.3,อื่นๆ,MWIT,สด,old,2025-03-13,0,3,1;4;6,
2568-1147,2568,1147,น้องเฟิร์น 1147,ม.3,สวนกุหลาบ,MWIT,เทป,new,2025-03-21,0,4,1;4;5;6,
2568-1148,2568,1148,น้องภูมิ 1148,ม.3,บดินทรเดชา,TU,สด,old,2025-03-19,0,3,1;4;5,
2568-1149,2568,1149,น้องเฟิร์น 1149,ม.3,อื่นๆ,TU,เทป,new,2025-06-09,3,3,4;5;6,
2568-1150,2568,1150,น้องภูมิ 1150,ม.2,สาธิตปทุมวัน,TU,สด,new,2025-03-03,0,3,1;5;6,
2568-1151,2568,1151,น้องปราง 1151,ม.3,สวนกุหลาบ,อื่นๆ,สด,new,2025-03-19,0,3,1;4;6,
2568-1152,2568,1152,น้องเฟิร์น 1152,ม.3,อื่นๆ,TU,สด,new,2025-03-21,0,4,1;4;5;6,
2568-1153,2568,1153,น้องภูมิ 1153,ม.2,สาธิตปทุมวัน,MWIT,สด,new,2025-04-06,1,4,1;4;5;6,
2568-1154,2568,1154,น้องภีม 1154,ม.3,สวนกุหลาบ,TU,เทป,new,2025-04-19,1,2,4;6,
2568-1155,2568,1155,น้องเจได 1155,ม.2,สวนกุหลาบ,KVIS,เทป,new,2025-03-14,0,3,1;4;5,
2568-1156,2568,1156,น้องต้นน้ำ 1156,ม.3,หาดใหญ่วิทยาลัย,MWIT,สด,new,2025-03-17,0,4,1;4;5;6,
2568-1157,2568,1157,น้องเจได 1157,ม.1,อื่นๆ,อื่นๆ,สด,new,2025-03-02,0,4,1;4;5;6,
2568-1158,2568,1158,น้องแพรวา 1158,ม.2,อื่นๆ,MWIT,สด,new,2025-03-12,0,4,1;4;5;6,
2568-1159,2568,1159,น้องคุน 1159,ม.3,อื่นๆ,MWIT,สด,new,2025-04-11,1,3,1;4;6,
2568-1160,2568,1160,น้องมายด์ 1160,ม.3,สวนกุหลาบ,MWIT,เทป,old,2025-04-08,1,4,1;4;5;6,
uuid-2569-2001,2569,2001,น้องแพรวา 2001,ม.2,บดินทรเดชา,TU,สด,old,2026-03-01,0,2,4;5,
uuid-2569-2002,2569,2002,น้องน้ำหวาน 2002,ม.3,อื่นๆ,TU,สด,new,2026-03-21,0,4,1;4;5;6,
uuid-2569-2003,2569,2003,น้องแพรวา 2003,ม.2,หาดใหญ่วิทยาลัย,TU,สด,new,2026-03-03,0,4,1;4;5;6,
uuid-2569-2004,2569,2004,น้องไอซ์ 2004,ม.2,อื่นๆ,KVIS,สด,new,2026-03-25,0,4,1;4;5;6,
uuid-2569-2005,2569,2005,น้องไอซ์ 2005,ม.3,หาดใหญ่วิทยาลัย,TU,เทป,new,2026-04-14,1,4,1;4;5;6,
uuid-2569-2006,2569,2006,น้องต้นน้ำ 2006,ม.3,สาธิตปทุมวัน,อื่นๆ,สด,new,2026-03-17,0,4,1;4;5;6,
uuid-2569-2007,2569,2007,น้องต้นน้ำ 2007,ม.3,สาธิตปทุมวัน,TU,สด,new,2026-04-10,1,3,1;4;5,
uuid-2569-2008,2569,2008,น้องกันต์ 2008,ม.2,สาธิตปทุมวัน,TU,สด,old,2026-04-06,1,4,1;4;5;6,
uuid-2569-2009,2569,2009,น้องโอม 2009,ม.3,อื่นๆ,MWIT,เทป,new,2026-03-23,0,4,1;4;5;6,
uuid-2569-2010,2569,2010,น้องภูมิ 2010,ม.2,อื่นๆ,TU,สด,new,2026-03-09,0,4,1;4;5;6,
uuid-2569-2011,2569,2011,น้องมายด์ 2011,ม.2,อื่นๆ,TU,เทป,old,2026-03-18,0,2,1;4,
uuid-2569-2012,2569,2012,น้องอิง 2012,ม.3,อื่นๆ,MWIT,สด,new,2026-04-06,1,3,1;5;6,
uuid-2569-2013,2569,2013,น้องกันต์ 2013,ม.2,สวนกุหลาบ,TU,สด,old,2026-03-16,0,3,1;5;6,
uuid-2569-2014,2569,2014,น้องไอซ์ 2014,ม.2,หาดใหญ่วิทยาลัย,TU,สด,old,2026-03-07,0,4,1;4;5;6,
uuid-2569-2015,2569,2015,น้องมายด์ 2015,ม.2,สวนกุหลาบ,MWIT,สด,new,2026-03-06,0,3,1;4;6,
uuid-2569-2016,2569,2016,น้องไอซ์ 2016,ม.3,หาดใหญ่วิทยาลัย,MWIT,สด,new,2026-03-24,0,4,1;4;5;6,
uuid-2569-2017,2569,2017,น้องมายด์ 2017,ม.3,บดินทรเดชา,MWIT,สด,old,2026-03-25,0,4,1;4;5;6,
uuid-2569-2018,2569,2018,น้องมายด์ 2018,ม.3,หาดใหญ่วิทยาลัย,TU,สด,new,2026-03-16,0,4,1;4;5;6,
uuid-2569-2019,2569,2019,น้องพลอย 2019,ม.3,อื่นๆ,TU,เทป,old,2026-03-20,0,4,1;4;5;6,
uuid-2569-2020,2569,2020,น้องไอซ์ 2020,ม.2,อื่นๆ,MWIT,สด,new,2026-03-08,0,4,1;4;5;6,
uuid-2569-2021,2569,2021,น้องเจได 2021,ม.2,อื่นๆ,KVIS,สด,new,2026-03-22,0,4,1;4;5;6,
uuid-2569-2022,2569,2022,น้องพลอย 2022,ม.2,อื่นๆ,TU,เทป,new,2026-03-11,0,3,1;4;5,
uuid-2569-2023,2569,2023,น้องกันต์ 2023,ม.3,อื่นๆ,TU,สด,new,2026-03-13,0,4,1;4;5;6,
uuid-2569-2024,2569,2024,น้องเจได 2024,ม.3,อื่นๆ,MWIT,สด,new,2026-03-05,0,2,4;5,
uuid-2569-2025,2569,2025,น้องอิง 2025,ม.3,สวนกุหลาบ,อื่นๆ,เทป,new,2026-03-25,0,3,4;5;6,
uuid-2569-2026,2569,2026,น้องเจได 2026,ม.3,หาดใหญ่วิทยาลัย,TU,สด,new,2026-03-01,0,4,1;4;5;6,
uuid-2569-2027,2569,2027,น้องอิง 2027,ม.2,อื่นๆ,MWIT,เทป,old,2026-06-11,3,4,1;4;5;6,
uuid-2569-2028,2569,2028,น้องกันต์ 2028,ม.3,อื่นๆ,TU,เทป,new,2026-03-17,0,4,1;4;5;6,
uuid-2569-2029,2569,2029,น้องต้นน้ำ 2029,ม.2,อื่นๆ,TU,สด,new,2026-03-07,0,2,5;6,
uuid-2569-2030,2569,2030,น้องคุน 2030,ม.3,สาธิตปทุมวัน,TU,สด,new,2026-04-06,1,4,1;4;5;6,
uuid-2569-2031,2569,2031,น้องคุน 2031,ม.2,สาธิตปทุมวัน,MWIT,เทป,new,2026-03-01,0,4,1;4;5;6,
uuid-2569-2032,2569,2032,น้องไทเกอร์ 2032,ม.3,หาดใหญ่วิทยาลัย,TU,สด,new,2026-04-04,1,3,1;5;6,
uuid-2569-2033,2569,2033,น้องพลอย 2033,ม.2,บดินทรเดชา,TU,เทป,new,2026-03-23,0,2,4;5,
uuid-2569-2034,2569,2034,น้องมายด์ 2034,ม.3,หาดใหญ่วิทยาลัย,MWIT,เทป,new,2026-04-01,1,4,1;4;5;6,
uuid-2569-2035,2569,2035,น้องเจได 2035,ม.3,อื่นๆ,MWIT,สด,old,2026-04-05,1,3,1;5;6,
uuid-2569-2036,2569,2036,น้องพลอย 2036,ม.2,สวนกุหลาบ,MWIT,สด,new,2026-03-10,0,2,1;6,
uuid-2569-2037,2569,2037,น้องไทเกอร์ 2037,ม.2,อื่นๆ,TU,สด,new,2026-03-18,0,4,1;4;5;6,
uuid-2569-2038,2569,2038,น้องโอม 2038,ม.1,สวนกุหลาบ,KVIS,สด,new,2026-03-04,0,3,1;4;5,
uuid-2569-2039,2569,2039,น้องไทเกอร์ 2039,ม.2,อื่นๆ,TU,เทป,new,2026-03-16,0,4,1;4;5;6,
uuid-2569-2040,2569,2040,น้องอิง 2040,ม.2,อื่นๆ,MWIT,สด,new,2026-06-14,3,4,1;4;5;6,
uuid-2569-2041,2569,2041,น้องภูมิ 2041,ม.2,อื่นๆ,KVIS,สด,old,2026-03-25,0,4,1;4;5;6,
uuid-2569-2042,2569,2042,น้องปราง 2042,ม.2,อื่นๆ,TU,สด,old,2026-04-13,1,4,1;4;5;6,
uuid-2569-2043,2569,2043,น้องต้นน้ำ 2043,ม.3,หาดใหญ่วิทยาลัย,KVIS,สด,old,2026-04-23,1,4,1;4;5;6,
uuid-2569-2044,2569,2044,น้องอิง 2044,ม.3,อื่นๆ,TU,สด,old,2026-03-06,0,4,1;4;5;6,
uuid-2569-2045,2569,2045,น้องกันต์ 2045,ม.1,อื่นๆ,MWIT,สด,new,2026-04-18,1,4,1;4;5;6,
uuid-2569-2046,2569,2046,น้องกันต์ 2046,ม.3,อื่นๆ,อื่นๆ,เทป,old,2026-04-18,1,4,1;4;5;6,
uuid-2569-2047,2569,2047,น้องเฟิร์น 2047,ม.2,อื่นๆ,KVIS,สด,new,2026-03-17,0,4,1;4;5;6,
uuid-2569-2048,2569,2048,น้องโอม 2048,ม.2,สาธิตปทุมวัน,KVIS,สด,new,2026-03-14,0,4,1;4;5;6,
uuid-2569-2049,2569,2049,น้องพลอย 2049,ม.3,อื่นๆ,KVIS,สด,new,2026-03-03,0,4,1;4;5;6,
uuid-2569-2050,2569,2050,น้องปราง 2050,ม.2,บดินทรเดชา,TU,สด,old,2026-04-05,1,4,1;4;5;6,
uuid-2569-2051,2569,2051,น้องภีม 2051,ม.3,หาดใหญ่วิทยาลัย,TU,สด,old,2026-05-04,2,4,1;4;5;6,
uuid-2569-2052,2569,2052,น้องมายด์ 2052,ม.3,อื่นๆ,TU,สด,new,2026-04-10,1,2,1;5,
uuid-2569-2053,2569,2053,น้องแพรวา 2053,ม.3,สาธิตปทุมวัน,TU,สด,old,2026-03-11,0,4,1;4;5;6,
uuid-2569-2054,2569,2054,น้องน้ำหวาน 2054,ม.2,บดินทรเดชา,KVIS,สด,new,2026-03-12,0,4,1;4;5;6,
uuid-2569-2055,2569,2055,น้องภูมิ 2055,ม.2,อื่นๆ,อื่นๆ,สด,new,2026-03-05,0,4,1;4;5;6,
uuid-2569-2056,2569,2056,น้องโอม 2056,ม.2,อื่นๆ,TU,สด,new,2026-06-19,3,4,1;4;5;6,
uuid-2569-2057,2569,2057,น้องแพรวา 2057,ม.3,สวนกุหลาบ,TU,สด,new,2026-05-14,2,4,1;4;5;6,
uuid-2569-2058,2569,2058,น้องไอซ์ 2058,ม.1,อื่นๆ,อื่นๆ,สด,new,2026-04-06,1,4,1;4;5;6,
uuid-2569-2059,2569,2059,น้องภีม 2059,ม.2,บดินทรเดชา,MWIT,สด,old,2026-03-19,0,2,5;6,
uuid-2569-2060,2569,2060,น้องเฟิร์น 2060,ม.2,สวนกุหลาบ,TU,เทป,new,2026-03-07,0,4,1;4;5;6,
uuid-2569-2061,2569,2061,น้องแพรวา 2061,ม.3,อื่นๆ,TU,เทป,new,2026-03-12,0,4,1;4;5;6,
uuid-2569-2062,2569,2062,น้องเจได 2062,ม.3,อื่นๆ,TU,สด,old,2026-03-02,0,3,4;5;6,
uuid-2569-2063,2569,2063,น้องพลอย 2063,ม.3,อื่นๆ,TU,เทป,new,2026-03-15,0,4,1;4;5;6,
uuid-2569-2064,2569,2064,น้องภีม 2064,ม.2,อื่นๆ,TU,สด,old,2026-04-07,1,4,1;4;5;6,
uuid-2569-2065,2569,2065,น้องแพรวา 2065,ม.1,บดินทรเดชา,TU,เทป,new,2026-03-15,0,3,4;5;6,
uuid-2569-2066,2569,2066,น้องต้นน้ำ 2066,ม.1,บดินทรเดชา,TU,เทป,old,2026-05-20,2,4,1;4;5;6,
uuid-2569-2067,2569,2067,น้องโอม 2067,ม.3,หาดใหญ่วิทยาลัย,TU,สด,new,2026-03-22,0,3,1;4;6,
uuid-2569-2068,2569,2068,น้องเจได 2068,ม.3,อื่นๆ,MWIT,สด,new,2026-03-08,0,4,1;4;5;6,
uuid-2569-2069,2569,2069,น้องต้นน้ำ 2069,ม.1,สวนกุหลาบ,TU,สด,new,2026-05-13,2,2,4;6,
uuid-2569-2070,2569,2070,น้องพลอย 2070,ม.3,อื่นๆ,TU,สด,new,2026-03-07,0,4,1;4;5;6,
uuid-2569-2071,2569,2071,น้องน้ำหวาน 2071,ม.3,อื่นๆ,MWIT,สด,old,2026-03-09,0,4,1;4;5;6,
uuid-2569-2072,2569,2072,น้องอิง 2072,ม.2,สวนกุหลาบ,TU,สด,new,2026-03-25,0,2,1;5,
uuid-2569-2073,2569,2073,น้องเจได 2073,ม.2,อื่นๆ,TU,สด,new,2026-04-02,1,4,1;4;5;6,
uuid-2569-2074,2569,2074,น้องเจได 2074,ม.3,สาธิตปทุมวัน,TU,สด,new,2026-03-10,0,2,1;4,
uuid-2569-2075,2569,2075,น้องกันต์ 2075,ม.2,อื่นๆ,TU,สด,new,2026-03-10,0,4,1;4;5;6,
uuid-2569-2076,2569,2076,น้องต้นน้ำ 2076,ม.3,อื่นๆ,TU,สด,new,2026-03-05,0,4,1;4;5;6,
uuid-2569-2077,2569,2077,น้องไอซ์ 2077,ม.3,อื่นๆ,MWIT,สด,new,2026-03-12,0,4,1;4;5;6,
uuid-2569-2078,2569,2078,น้องเฟิร์น 2078,ม.3,สาธิตปทุมวัน,MWIT,สด,new,2026-03-01,0,4,1;4;5;6,
uuid-2569-2079,2569,2079,น้องพลอย 2079,ม.1,อื่นๆ,TU,สด,new,2026-03-01,0,4,1;4;5;6,
uuid-2569-2080,2569,2080,น้องพลอย 2080,ม.2,อื่นๆ,อื่นๆ,สด,new,2026-03-06,0,4,1;4;5;6,
uuid-2569-2081,2569,2081,น้องอิง 2081,ม.3,อื่นๆ,MWIT,สด,new,2026-03-12,0,4,1;4;5;6,
uuid-2569-2082,2569,2082,น้องพลอย 2082,ม.3,อื่นๆ,TU,สด,new,2026-03-02,0,2,4;6,
uuid-2569-2083,2569,2083,น้องมายด์ 2083,ม.3,อื่นๆ,TU,เทป,new,2026-03-01,0,4,1;4;5;6,
uuid-2569-2084,2569,2084,น้องต้นน้ำ 2084,ม.2,หาดใหญ่วิทยาลัย,TU,สด,old,2026-03-24,0,4,1;4;5;6,
uuid-2569-2085,2569,2085,น้องต้นน้ำ 2085,ม.2,สวนกุหลาบ,TU,สด,new,2026-03-19,0,4,1;4;5;6,
uuid-2569-2086,2569,2086,น้องกันต์ 2086,ม.2,อื่นๆ,KVIS,เทป,new,2026-03-21,0,4,1;4;5;6,
uuid-2569-2087,2569,2087,น้องพลอย 2087,ม.2,หาดใหญ่วิทยาลัย,MWIT,สด,new,2026-03-03,0,4,1;4;5;6,
uuid-2569-2088,2569,2088,น้องเฟิร์น 2088,ม.1,อื่นๆ,TU,สด,new,2026-03-21,0,2,5;6,
uuid-2569-2089,2569,2089,น้องเจได 2089,ม.1,บดินทรเดชา,TU,สด,new,2026-03-05,0,2,1;6,
uuid-2569-2090,2569,2090,น้องคุน 2090,ม.3,บดินทรเดชา,MWIT,สด,new,2026-03-09,0,4,1;4;5;6,
uuid-2569-2091,2569,2091,น้องมายด์ 2091,ม.3,อื่นๆ,MWIT,สด,new,2026-03-20,0,2,1;5,
uuid-2569-2092,2569,2092,น้องน้ำหวาน 2092,ม.3,อื่นๆ,TU,สด,new,2026-04-02,1,4,1;4;5;6,
uuid-2569-2093,2569,2093,น้องพลอย 2093,ม.1,อื่นๆ,TU,สด,new,2026-03-09,0,3,1;4;6,
uuid-2569-2094,2569,2094,น้องเจได 2094,ม.2,สาธิตปทุมวัน,TU,สด,new,2026-04-22,1,4,1;4;5;6,
uuid-2569-2095,2569,2095,น้องกันต์ 2095,ม.2,อื่นๆ,KVIS,เทป,old,2026-03-12,0,2,1;5,
uuid-2569-2096,2569,2096,น้องกันต์ 2096,ม.2,บดินทรเดชา,TU,สด,new,2026-03-18,0,2,5;6,
uuid-2569-2097,2569,2097,น้องกันต์ 2097,ม.3,สาธิตปทุมวัน,อื่นๆ,สด,new,2026-03-08,0,3,1;4;6,
uuid-2569-2098,2569,2098,น้องมายด์ 2098,ม.1,อื่นๆ,MWIT,เทป,old,2026-03-11,0,4,1;4;5;6,
uuid-2569-2099,2569,2099,น้องพลอย 2099,ม.2,อื่นๆ,KVIS,สด,new,2026-03-03,0,4,1;4;5;6,
uuid-2569-2100,2569,2100,น้องโอม 2100,ม.3,สวนกุหลาบ,TU,สด,old,2026-05-01,2,4,1;4;5;6,
uuid-2569-2101,2569,2101,น้องมายด์ 2101,ม.3,บดินทรเดชา,TU,สด,new,2026-03-14,0,2,4;6,
uuid-2569-2102,2569,2102,น้องโอม 2102,ม.1,บดินทรเดชา,MWIT,เทป,old,2026-03-12,0,2,1;6,
uuid-2569-2103,2569,2103,น้องไทเกอร์ 2103,ม.3,อื่นๆ,อื่นๆ,สด,new,2026-03-07,0,4,1;4;5;6,
uuid-2569-2104,2569,2104,น้องพลอย 2104,ม.2,สวนกุหลาบ,KVIS,สด,old,2026-03-10,0,4,1;4;5;6,
uuid-2569-2105,2569,2105,น้องคุน 2105,ม.2,อื่นๆ,TU,เทป,old,2026-03-01,0,4,1;4;5;6,
uuid-2569-2106,2569,2106,น้องภูมิ 2106,ม.2,บดินทรเดชา,KVIS,เทป,new,2026-03-10,0,4,1;4;5;6,
uuid-2569-2107,2569,2107,น้องภีม 2107,ม.2,สวนกุหลาบ,MWIT,เทป,new,2026-05-14,2,4,1;4;5;6,
uuid-2569-2108,2569,2108,น้องภูมิ 2108,ม.2,สาธิตปทุมวัน,TU,เทป,new,2026-03-14,0,4,1;4;5;6,
uuid-2569-2109,2569,2109,น้องอิง 2109,ม.2,อื่นๆ,KVIS,เทป,new,2026-03-25,0,4,1;4;5;6,
uuid-2569-2110,2569,2110,น้องภูมิ 2110,ม.3,หาดใหญ่วิทยาลัย,อื่นๆ,สด,new,2026-03-19,0,4,1;4;5;6,
uuid-2569-2111,2569,2111,น้องไอซ์ 2111,ม.2,อื่นๆ,MWIT,สด,new,2026-03-08,0,4,1;4;5;6,
uuid-2569-2112,2569,2112,น้องภูมิ 2112,ม.3,หาดใหญ่วิทยาลัย,อื่นๆ,สด,new,2026-03-03,0,4,1;4;5;6,
uuid-2569-2113,2569,2113,น้องเจได 2113,ม.2,อื่นๆ,TU,เทป,new,2026-03-05,0,3,4;5;6,
uuid-2569-2114,2569,2114,น้องภูมิ 2114,ม.2,สาธิตปทุมวัน,TU,สด,new,2026-03-18,0,4,1;4;5;6,
uuid-2569-2115,2569,2115,น้องเฟิร์น 2115,ม.3,อื่นๆ,MWIT,เทป,new,2026-03-20,0,4,1;4;5;6,
uuid-2569-2116,2569,2116,น้องอิง 2116,ม.2,อื่นๆ,TU,สด,old,2026-04-22,1,4,1;4;5;6,
uuid-2569-2117,2569,2117,น้องเฟิร์น 2117,ม.2,หาดใหญ่วิทยาลัย,อื่นๆ,สด,new,2026-04-19,1,3,1;4;6,
uuid-2569-2118,2569,2118,น้องไทเกอร์ 2118,ม.2,อื่นๆ,KVIS,เทป,new,2026-03-11,0,3,1;4;6,
uuid-2569-2119,2569,2119,น้องภูมิ 2119,ม.2,อื่นๆ,MWIT,สด,new,2026-03-25,0,4,1;4;5;6,
uuid-2569-2120,2569,2120,น้องแพรวา 2120,ม.3,อื่นๆ,TU,สด,new,2026-03-19,0,4,1;4;5;6,
uuid-2569-2121,2569,2121,น้องต้นน้ำ 2121,ม.3,อื่นๆ,MWIT,สด,new,2026-04-07,1,4,1;4;5;6,
uuid-2569-2122,2569,2122,น้องเฟิร์น 2122,ม.2,หาดใหญ่วิทยาลัย,TU,สด,old,2026-03-11,0,4,1;4;5;6,
uuid-2569-2123,2569,2123,น้องแพรวา 2123,ม.1,อื่นๆ,อื่นๆ,สด,new,2026-03-06,0,4,1;4;5;6,
uuid-2569-2124,2569,2124,น้องอิง 2124,ม.2,อื่นๆ,TU,สด,new,2026-03-20,0,4,1;4;5;6,
uuid-2569-2125,2569,2125,น้องกันต์ 2125,ม.2,หาดใหญ่วิทยาลัย,TU,สด,old,2026-03-10,0,4,1;4;5;6,
uuid-2569-2126,2569,2126,น้องปราง 2126,ม.3,สาธิตปทุมวัน,MWIT,เทป,new,2026-03-10,0,4,1;4;5;6,
uuid-2569-2127,2569,2127,น้องพลอย 2127,ม.2,หาดใหญ่วิทยาลัย,TU,สด,new,2026-06-17,3,4,1;4;5;6,
uuid-2569-2128,2569,2128,น้องมายด์ 2128,ม.3,อื่นๆ,MWIT,สด,new,2026-05-22,2,3,1;4;5,
uuid-2569-2129,2569,2129,น้องมายด์ 2129,ม.1,บดินทรเดชา,อื่นๆ,สด,new,2026-04-10,1,3,1;4;5,
uuid-2569-2130,2569,2130,น้องคุน 2130,ม.2,บดินทรเดชา,TU,สด,new,2026-04-09,1,4,1;4;5;6,
uuid-2569-2131,2569,2131,น้องเจได 2131,ม.3,สาธิตปทุมวัน,MWIT,สด,new,2026-03-14,0,3,1;5;6,
uuid-2569-2132,2569,2132,น้องภีม 2132,ม.1,สวนกุหลาบ,MWIT,สด,old,2026-03-10,0,2,1;4,
uuid-2569-2133,2569,2133,น้องมายด์ 2133,ม.3,บดินทรเดชา,KVIS,สด,new,2026-03-23,0,4,1;4;5;6,
uuid-2569-2134,2569,2134,น้องอิง 2134,ม.2,อื่นๆ,TU,สด,new,2026-03-12,0,2,1;6,
uuid-2569-2135,2569,2135,น้องไอซ์ 2135,ม.2,หาดใหญ่วิทยาลัย,TU,เทป,new,2026-03-18,0,4,1;4;5;6,
uuid-2569-2136,2569,2136,น้องภูมิ 2136,ม.3,สาธิตปทุมวัน,KVIS,เทป,new,2026-03-07,0,4,1;4;5;6,
uuid-2569-2137,2569,2137,น้องต้นน้ำ 2137,ม.3,บดินทรเดชา,MWIT,สด,new,2026-03-21,0,4,1;4;5;6,
uuid-2569-2138,2569,2138,น้องไทเกอร์ 2138,ม.3,บดินทรเดชา,TU,เทป,new,2026-03-06,0,4,1;4;5;6,
uuid-2569-2139,2569,2139,น้องไอซ์ 2139,ม.1,อื่นๆ,อื่นๆ,เทป,new,2026-04-01,1,3,1;4;6,
uuid-2569-2140,2569,2140,น้องปราง 2140,ม.3,บดินทรเดชา,TU,สด,new,2026-03-10,0,2,4;5,
uuid-2569-2141,2569,2141,น้องปราง 2141,ม.2,บดินทรเดชา,MWIT,สด,new,2026-04-14,1,4,1;4;5;6,
uuid-2569-2142,2569,2142,น้องภูมิ 2142,ม.2,อื่นๆ,TU,เทป,new,2026-06-05,3,4,1;4;5;6,
uuid-2569-2143,2569,2143,น้องภีม 2143,ม.2,สวนกุหลาบ,MWIT,สด,new,2026-03-12,0,2,1;4,
uuid-2569-2144,2569,2144,น้องอิง 2144,ม.3,อื่นๆ,TU,สด,new,2026-04-11,1,3,4;5;6,
uuid-2569-2145,2569,2145,น้องปราง 2145,ม.1,อื่นๆ,KVIS,เทป,new,2026-03-06,0,4,1;4;5;6,
uuid-2569-2146,2569,2146,น้องโอม 2146,ม.2,อื่นๆ,TU,สด,new,2026-03-21,0,3,4;5;6,
uuid-2569-2147,2569,2147,น้องเจได 2147,ม.2,อื่นๆ,KVIS,เทป,new,2026-05-20,2,4,1;4;5;6,
uuid-2569-2148,2569,2148,น้องไอซ์ 2148,ม.3,อื่นๆ,TU,เทป,old,2026-04-19,1,4,1;4;5;6,
uuid-2569-2149,2569,2149,น้องภูมิ 2149,ม.3,อื่นๆ,MWIT,สด,old,2026-03-12,0,2,1;6,
uuid-2569-2150,2569,2150,น้องพลอย 2150,ม.3,อื่นๆ,MWIT,สด,new,2026-04-25,1,4,1;4;5;6,
